split,case_id,json_path,mask_path,status,mask_ids_count,json_ids_count,mask_ids,json_ids,missing_in_json,extra_in_json,missing_count,extra_count,has_mismatch,would_keyerror
test,1_2_840_113654_2_55_100027385603639997812329606977270090953,/opt/data/beegfs/Task023_LUNA25/raw_splitted/labelsTs/1_2_840_113654_2_55_100027385603639997812329606977270090953.json,/opt/data/beegfs/Task023_LUNA25/raw_splitted/labelsTs/1_2_840_113654_2_55_100027385603639997812329606977270090953.nii.gz,ok,1,0,1,,1,,1,0,True,True
test,1_2_840_113654_2_55_100611742735489496565047882309637972403,/opt/data/beegfs/Task023_LUNA25/raw_splitted/labelsTs/1_2_840_113654_2_55_100611742735489496565047882309637972403.json,/opt/data/beegfs/Task023_LUNA25/raw_splitted/labelsTs/1_2_840_113654_2_55_100611742735489496565047882309637972403.nii.gz,ok,3,0,1 2 3,,1 2 3,,3,0,True,True
test,1_2_840_113654_2_55_101581432986749230362000431122230027626,/opt/data/beegfs/Task023_LUNA25/raw_splitted/labelsTs/1_2_840_113654_2_55_101581432986749230362000431122230027626.json,/opt/data/beegfs/Task023_LUNA25/raw_splitted/labelsTs/1_2_840_113654_2_55_101581432986749230362000431122230027626.nii.gz,ok,1,0,1,,1,,1,0,True,True
test,1_2_840_113654_2_55_102362433140615926769263232659208259827,/opt/data/beegfs/Task023_LUNA25/raw_splitted/labelsTs/1_2_840_113654_2_55_102362433140615926769263232659208259827.json,/opt/data/beegfs/Task023_LUNA25/raw_splitted/labelsTs/1_2_840_113654_2_55_102362433140615926769263232659208259827.nii.gz,ok,1,0,1,,1,,1,0,True,True
test,1_2_840_113654_2_55_102543754970478932911874049859560292875,/opt/data/beegfs/Task023_LUNA25/raw_splitted/labelsTs/1_2_840_113654_2_55_102543754970478932911874049859560292875.json,/opt/data/beegfs/Task023_LUNA25/raw_splitted/labelsTs/1_2_840_113654_2_55_102543754970478932911874049859560292875.nii.gz,ok,1,0,1,,1,,1,0,True,True
test,1_2_840_113654_2_55_102564012922965505013685500990691933164,/opt/data/beegfs/Task023_LUNA25/raw_splitted/labelsTs/1_2_840_113654_2_55_102564012922965505013685500990691933164.json,/opt/data/beegfs/Task023_LUNA25/raw_splitted/labelsTs/1_2_840_113654_2_55_102564012922965505013685500990691933164.nii.gz,ok,1,0,1,,1,,1,0,True,True
test,1_2_840_113654_2_55_104875105199235759107524840605395818261,/opt/data/beegfs/Task023_LUNA25/raw_splitted/labelsTs/1_2_840_113654_2_55_104875105199235759107524840605395818261.json,/opt/data/beegfs/Task023_LUNA25/raw_splitted/labelsTs/1_2_840_113654_2_55_104875105199235759107524840605395818261.nii.gz,ok,2,0,1 2,,1 2,,2,0,True,True
test,1_2_840_113654_2_55_104977211649372104017865672358351494345,/opt/data/beegfs/Task023_LUNA25/raw_splitted/labelsTs/1_2_840_113654_2_55_104977211649372104017865672358351494345.json,/opt/data/beegfs/Task023_LUNA25/raw_splitted/labelsTs/1_2_840_113654_2_55_104977211649372104017865672358351494345.nii.gz,ok,3,0,1 2 3,,1 2 3,,3,0,True,True
test,1_2_840_113654_2_55_10528839436019961516152766137614507061,/opt/data/beegfs/Task023_LUNA25/raw_splitted/labelsTs/1_2_840_113654_2_55_10528839436019961516152766137614507061.json,/opt/data/beegfs/Task023_LUNA25/raw_splitted/labelsTs/1_2_840_113654_2_55_10528839436019961516152766137614507061.nii.gz,ok,1,0,1,,1,,1,0,True,True
test,1_2_840_113654_2_55_105761524838364655606343956306489083547,/opt/data/beegfs/Task023_LUNA25/raw_splitted/labelsTs/1_2_840_113654_2_55_105761524838364655606343956306489083547.json,/opt/data/beegfs/Task023_LUNA25/raw_splitted/labelsTs/1_2_840_113654_2_55_105761524838364655606343956306489083547.nii.gz,ok,1,0,1,,1,,1,0,True,True
test,1_2_840_113654_2_55_1067199395170703462510700312038958118,/opt/data/beegfs/Task023_LUNA25/raw_splitted/labelsTs/1_2_840_113654_2_55_1067199395170703462510700312038958118.json,/opt/data/beegfs/Task023_LUNA25/raw_splitted/labelsTs/1_2_840_113654_2_55_1067199395170703462510700312038958118.nii.gz,ok,1,0,1,,1,,1,0,True,True
test,1_2_840_113654_2_55_107286458984147654450019349189159324228,/opt/data/beegfs/Task023_LUNA25/raw_splitted/labelsTs/1_2_840_113654_2_55_107286458984147654450019349189159324228.json,/opt/data/beegfs/Task023_LUNA25/raw_splitted/labelsTs/1_2_840_113654_2_55_107286458984147654450019349189159324228.nii.gz,ok,1,0,1,,1,,1,0,True,True
test,1_2_840_113654_2_55_10833386426630411862343500018633576155,/opt/data/beegfs/Task023_LUNA25/raw_splitted/labelsTs/1_2_840_113654_2_55_10833386426630411862343500018633576155.json,/opt/data/beegfs/Task023_LUNA25/raw_splitted/labelsTs/1_2_840_113654_2_55_10833386426630411862343500018633576155.nii.gz,ok,1,0,1,,1,,1,0,True,True
test,1_2_840_113654_2_55_108804919744666604748749162034411737668,/opt/data/beegfs/Task023_LUNA25/raw_splitted/labelsTs/1_2_840_113654_2_55_108804919744666604748749162034411737668.json,/opt/data/beegfs/Task023_LUNA25/raw_splitted/labelsTs/1_2_840_113654_2_55_108804919744666604748749162034411737668.nii.gz,ok,1,0,1,,1,,1,0,True,True
test,1_2_840_113654_2_55_110361825618705374083910625450263850018,/opt/data/beegfs/Task023_LUNA25/raw_splitted/labelsTs/1_2_840_113654_2_55_110361825618705374083910625450263850018.json,/opt/data/beegfs/Task023_LUNA25/raw_splitted/labelsTs/1_2_840_113654_2_55_110361825618705374083910625450263850018.nii.gz,ok,1,0,1,,1,,1,0,True,True
test,1_2_840_113654_2_55_110902905419520560212820072734366096106,/opt/data/beegfs/Task023_LUNA25/raw_splitted/labelsTs/1_2_840_113654_2_55_110902905419520560212820072734366096106.json,/opt/data/beegfs/Task023_LUNA25/raw_splitted/labelsTs/1_2_840_113654_2_55_110902905419520560212820072734366096106.nii.gz,ok,1,0,1,,1,,1,0,True,True
test,1_2_840_113654_2_55_111090062491969431691458418770369027686,/opt/data/beegfs/Task023_LUNA25/raw_splitted/labelsTs/1_2_840_113654_2_55_111090062491969431691458418770369027686.json,/opt/data/beegfs/Task023_LUNA25/raw_splitted/labelsTs/1_2_840_113654_2_55_111090062491969431691458418770369027686.nii.gz,ok,1,0,1,,1,,1,0,True,True
test,1_2_840_113654_2_55_111202666805944996288913181752407623150,/opt/data/beegfs/Task023_LUNA25/raw_splitted/labelsTs/1_2_840_113654_2_55_111202666805944996288913181752407623150.json,/opt/data/beegfs/Task023_LUNA25/raw_splitted/labelsTs/1_2_840_113654_2_55_111202666805944996288913181752407623150.nii.gz,ok,1,0,1,,1,,1,0,True,True
test,1_2_840_113654_2_55_111507227027021030826932837826431647968,/opt/data/beegfs/Task023_LUNA25/raw_splitted/labelsTs/1_2_840_113654_2_55_111507227027021030826932837826431647968.json,/opt/data/beegfs/Task023_LUNA25/raw_splitted/labelsTs/1_2_840_113654_2_55_111507227027021030826932837826431647968.nii.gz,ok,1,0,1,,1,,1,0,True,True
test,1_2_840_113654_2_55_112025600641410400427624494421088346490,/opt/data/beegfs/Task023_LUNA25/raw_splitted/labelsTs/1_2_840_113654_2_55_112025600641410400427624494421088346490.json,/opt/data/beegfs/Task023_LUNA25/raw_splitted/labelsTs/1_2_840_113654_2_55_112025600641410400427624494421088346490.nii.gz,ok,1,0,1,,1,,1,0,True,True
test,1_2_840_113654_2_55_112221282376867607247217252627393153000,/opt/data/beegfs/Task023_LUNA25/raw_splitted/labelsTs/1_2_840_113654_2_55_112221282376867607247217252627393153000.json,/opt/data/beegfs/Task023_LUNA25/raw_splitted/labelsTs/1_2_840_113654_2_55_112221282376867607247217252627393153000.nii.gz,ok,1,0,1,,1,,1,0,True,True
test,1_2_840_113654_2_55_112404666052473301646461128905065280341,/opt/data/beegfs/Task023_LUNA25/raw_splitted/labelsTs/1_2_840_113654_2_55_112404666052473301646461128905065280341.json,/opt/data/beegfs/Task023_LUNA25/raw_splitted/labelsTs/1_2_840_113654_2_55_112404666052473301646461128905065280341.nii.gz,ok,1,0,1,,1,,1,0,True,True
test,1_2_840_113654_2_55_112678153129052512356539493326784217907,/opt/data/beegfs/Task023_LUNA25/raw_splitted/labelsTs/1_2_840_113654_2_55_112678153129052512356539493326784217907.json,/opt/data/beegfs/Task023_LUNA25/raw_splitted/labelsTs/1_2_840_113654_2_55_112678153129052512356539493326784217907.nii.gz,ok,1,0,1,,1,,1,0,True,True
test,1_2_840_113654_2_55_114180982069251242955952783519236371905,/opt/data/beegfs/Task023_LUNA25/raw_splitted/labelsTs/1_2_840_113654_2_55_114180982069251242955952783519236371905.json,/opt/data/beegfs/Task023_LUNA25/raw_splitted/labelsTs/1_2_840_113654_2_55_114180982069251242955952783519236371905.nii.gz,ok,1,0,1,,1,,1,0,True,True
test,1_2_840_113654_2_55_114314533665789986131797300339396006027,/opt/data/beegfs/Task023_LUNA25/raw_splitted/labelsTs/1_2_840_113654_2_55_114314533665789986131797300339396006027.json,/opt/data/beegfs/Task023_LUNA25/raw_splitted/labelsTs/1_2_840_113654_2_55_114314533665789986131797300339396006027.nii.gz,ok,1,0,1,,1,,1,0,True,True
test,1_2_840_113654_2_55_114658832026213374989383850367234156329,/opt/data/beegfs/Task023_LUNA25/raw_splitted/labelsTs/1_2_840_113654_2_55_114658832026213374989383850367234156329.json,/opt/data/beegfs/Task023_LUNA25/raw_splitted/labelsTs/1_2_840_113654_2_55_114658832026213374989383850367234156329.nii.gz,ok,3,0,1 2 3,,1 2 3,,3,0,True,True
test,1_2_840_113654_2_55_114976151970214460583300747070618355734,/opt/data/beegfs/Task023_LUNA25/raw_splitted/labelsTs/1_2_840_113654_2_55_114976151970214460583300747070618355734.json,/opt/data/beegfs/Task023_LUNA25/raw_splitted/labelsTs/1_2_840_113654_2_55_114976151970214460583300747070618355734.nii.gz,ok,1,0,1,,1,,1,0,True,True
test,1_2_840_113654_2_55_115368976829876469857031840987752535264,/opt/data/beegfs/Task023_LUNA25/raw_splitted/labelsTs/1_2_840_113654_2_55_115368976829876469857031840987752535264.json,/opt/data/beegfs/Task023_LUNA25/raw_splitted/labelsTs/1_2_840_113654_2_55_115368976829876469857031840987752535264.nii.gz,ok,1,0,1,,1,,1,0,True,True
test,1_2_840_113654_2_55_115618494034349247962514566563860681380,/opt/data/beegfs/Task023_LUNA25/raw_splitted/labelsTs/1_2_840_113654_2_55_115618494034349247962514566563860681380.json,/opt/data/beegfs/Task023_LUNA25/raw_splitted/labelsTs/1_2_840_113654_2_55_115618494034349247962514566563860681380.nii.gz,ok,2,0,1 2,,1 2,,2,0,True,True
test,1_2_840_113654_2_55_116178619022139425999957920748644970996,/opt/data/beegfs/Task023_LUNA25/raw_splitted/labelsTs/1_2_840_113654_2_55_116178619022139425999957920748644970996.json,/opt/data/beegfs/Task023_LUNA25/raw_splitted/labelsTs/1_2_840_113654_2_55_116178619022139425999957920748644970996.nii.gz,ok,1,0,1,,1,,1,0,True,True
test,1_2_840_113654_2_55_116292676010343167461767447761303637372,/opt/data/beegfs/Task023_LUNA25/raw_splitted/labelsTs/1_2_840_113654_2_55_116292676010343167461767447761303637372.json,/opt/data/beegfs/Task023_LUNA25/raw_splitted/labelsTs/1_2_840_113654_2_55_116292676010343167461767447761303637372.nii.gz,ok,2,0,1 2,,1 2,,2,0,True,True
test,1_2_840_113654_2_55_116744197264123400503169823508918440096,/opt/data/beegfs/Task023_LUNA25/raw_splitted/labelsTs/1_2_840_113654_2_55_116744197264123400503169823508918440096.json,/opt/data/beegfs/Task023_LUNA25/raw_splitted/labelsTs/1_2_840_113654_2_55_116744197264123400503169823508918440096.nii.gz,ok,3,0,1 2 3,,1 2 3,,3,0,True,True
test,1_2_840_113654_2_55_117581031570406901579348525235557025335,/opt/data/beegfs/Task023_LUNA25/raw_splitted/labelsTs/1_2_840_113654_2_55_117581031570406901579348525235557025335.json,/opt/data/beegfs/Task023_LUNA25/raw_splitted/labelsTs/1_2_840_113654_2_55_117581031570406901579348525235557025335.nii.gz,ok,1,0,1,,1,,1,0,True,True
test,1_2_840_113654_2_55_118670061759216694991520851382105682202,/opt/data/beegfs/Task023_LUNA25/raw_splitted/labelsTs/1_2_840_113654_2_55_118670061759216694991520851382105682202.json,/opt/data/beegfs/Task023_LUNA25/raw_splitted/labelsTs/1_2_840_113654_2_55_118670061759216694991520851382105682202.nii.gz,ok,1,0,1,,1,,1,0,True,True
test,1_2_840_113654_2_55_119200533966161580151772679502848335030,/opt/data/beegfs/Task023_LUNA25/raw_splitted/labelsTs/1_2_840_113654_2_55_119200533966161580151772679502848335030.json,/opt/data/beegfs/Task023_LUNA25/raw_splitted/labelsTs/1_2_840_113654_2_55_119200533966161580151772679502848335030.nii.gz,ok,1,0,1,,1,,1,0,True,True
test,1_2_840_113654_2_55_119278381949136177284416234961643134266,/opt/data/beegfs/Task023_LUNA25/raw_splitted/labelsTs/1_2_840_113654_2_55_119278381949136177284416234961643134266.json,/opt/data/beegfs/Task023_LUNA25/raw_splitted/labelsTs/1_2_840_113654_2_55_119278381949136177284416234961643134266.nii.gz,ok,1,0,1,,1,,1,0,True,True
test,1_2_840_113654_2_55_120446796252189815561785878401522604050,/opt/data/beegfs/Task023_LUNA25/raw_splitted/labelsTs/1_2_840_113654_2_55_120446796252189815561785878401522604050.json,/opt/data/beegfs/Task023_LUNA25/raw_splitted/labelsTs/1_2_840_113654_2_55_120446796252189815561785878401522604050.nii.gz,ok,1,0,1,,1,,1,0,True,True
test,1_2_840_113654_2_55_120490329040763857535756314629160046389,/opt/data/beegfs/Task023_LUNA25/raw_splitted/labelsTs/1_2_840_113654_2_55_120490329040763857535756314629160046389.json,/opt/data/beegfs/Task023_LUNA25/raw_splitted/labelsTs/1_2_840_113654_2_55_120490329040763857535756314629160046389.nii.gz,ok,1,0,1,,1,,1,0,True,True
test,1_2_840_113654_2_55_121086985393241886115550304768179312039,/opt/data/beegfs/Task023_LUNA25/raw_splitted/labelsTs/1_2_840_113654_2_55_121086985393241886115550304768179312039.json,/opt/data/beegfs/Task023_LUNA25/raw_splitted/labelsTs/1_2_840_113654_2_55_121086985393241886115550304768179312039.nii.gz,ok,2,0,1 2,,1 2,,2,0,True,True
test,1_2_840_113654_2_55_121136974779165028210458920376090751234,/opt/data/beegfs/Task023_LUNA25/raw_splitted/labelsTs/1_2_840_113654_2_55_121136974779165028210458920376090751234.json,/opt/data/beegfs/Task023_LUNA25/raw_splitted/labelsTs/1_2_840_113654_2_55_121136974779165028210458920376090751234.nii.gz,ok,2,0,1 2,,1 2,,2,0,True,True
test,1_2_840_113654_2_55_122339147529518902951825323250565704412,/opt/data/beegfs/Task023_LUNA25/raw_splitted/labelsTs/1_2_840_113654_2_55_122339147529518902951825323250565704412.json,/opt/data/beegfs/Task023_LUNA25/raw_splitted/labelsTs/1_2_840_113654_2_55_122339147529518902951825323250565704412.nii.gz,ok,1,0,1,,1,,1,0,True,True
test,1_2_840_113654_2_55_122786454955442858732624097977450778691,/opt/data/beegfs/Task023_LUNA25/raw_splitted/labelsTs/1_2_840_113654_2_55_122786454955442858732624097977450778691.json,/opt/data/beegfs/Task023_LUNA25/raw_splitted/labelsTs/1_2_840_113654_2_55_122786454955442858732624097977450778691.nii.gz,ok,1,0,1,,1,,1,0,True,True
test,1_2_840_113654_2_55_12321065202412310448013129899185865311,/opt/data/beegfs/Task023_LUNA25/raw_splitted/labelsTs/1_2_840_113654_2_55_12321065202412310448013129899185865311.json,/opt/data/beegfs/Task023_LUNA25/raw_splitted/labelsTs/1_2_840_113654_2_55_12321065202412310448013129899185865311.nii.gz,ok,1,0,1,,1,,1,0,True,True
test,1_2_840_113654_2_55_123633234107849591190515522342469572867,/opt/data/beegfs/Task023_LUNA25/raw_splitted/labelsTs/1_2_840_113654_2_55_123633234107849591190515522342469572867.json,/opt/data/beegfs/Task023_LUNA25/raw_splitted/labelsTs/1_2_840_113654_2_55_123633234107849591190515522342469572867.nii.gz,ok,1,0,1,,1,,1,0,True,True
test,1_2_840_113654_2_55_123800934642743115448994694971021310180,/opt/data/beegfs/Task023_LUNA25/raw_splitted/labelsTs/1_2_840_113654_2_55_123800934642743115448994694971021310180.json,/opt/data/beegfs/Task023_LUNA25/raw_splitted/labelsTs/1_2_840_113654_2_55_123800934642743115448994694971021310180.nii.gz,ok,1,0,1,,1,,1,0,True,True
test,1_2_840_113654_2_55_123960772011238650655784992516167324470,/opt/data/beegfs/Task023_LUNA25/raw_splitted/labelsTs/1_2_840_113654_2_55_123960772011238650655784992516167324470.json,/opt/data/beegfs/Task023_LUNA25/raw_splitted/labelsTs/1_2_840_113654_2_55_123960772011238650655784992516167324470.nii.gz,ok,2,0,1 2,,1 2,,2,0,True,True
test,1_2_840_113654_2_55_124286123499146096595750558038410008142,/opt/data/beegfs/Task023_LUNA25/raw_splitted/labelsTs/1_2_840_113654_2_55_124286123499146096595750558038410008142.json,/opt/data/beegfs/Task023_LUNA25/raw_splitted/labelsTs/1_2_840_113654_2_55_124286123499146096595750558038410008142.nii.gz,ok,1,0,1,,1,,1,0,True,True
test,1_2_840_113654_2_55_124316354708127011546635034574958644867,/opt/data/beegfs/Task023_LUNA25/raw_splitted/labelsTs/1_2_840_113654_2_55_124316354708127011546635034574958644867.json,/opt/data/beegfs/Task023_LUNA25/raw_splitted/labelsTs/1_2_840_113654_2_55_124316354708127011546635034574958644867.nii.gz,ok,1,0,1,,1,,1,0,True,True
test,1_2_840_113654_2_55_125323894317801323393034030951049985428,/opt/data/beegfs/Task023_LUNA25/raw_splitted/labelsTs/1_2_840_113654_2_55_125323894317801323393034030951049985428.json,/opt/data/beegfs/Task023_LUNA25/raw_splitted/labelsTs/1_2_840_113654_2_55_125323894317801323393034030951049985428.nii.gz,ok,1,0,1,,1,,1,0,True,True
test,1_2_840_113654_2_55_125706016793706103279028904143338049013,/opt/data/beegfs/Task023_LUNA25/raw_splitted/labelsTs/1_2_840_113654_2_55_125706016793706103279028904143338049013.json,/opt/data/beegfs/Task023_LUNA25/raw_splitted/labelsTs/1_2_840_113654_2_55_125706016793706103279028904143338049013.nii.gz,ok,1,0,1,,1,,1,0,True,True
test,1_2_840_113654_2_55_125967255397946625657445920520578003358,/opt/data/beegfs/Task023_LUNA25/raw_splitted/labelsTs/1_2_840_113654_2_55_125967255397946625657445920520578003358.json,/opt/data/beegfs/Task023_LUNA25/raw_splitted/labelsTs/1_2_840_113654_2_55_125967255397946625657445920520578003358.nii.gz,ok,1,0,1,,1,,1,0,True,True
test,1_2_840_113654_2_55_126025143337981382099444331950519455721,/opt/data/beegfs/Task023_LUNA25/raw_splitted/labelsTs/1_2_840_113654_2_55_126025143337981382099444331950519455721.json,/opt/data/beegfs/Task023_LUNA25/raw_splitted/labelsTs/1_2_840_113654_2_55_126025143337981382099444331950519455721.nii.gz,ok,2,0,1 2,,1 2,,2,0,True,True
test,1_2_840_113654_2_55_126332618375778172122402758900126972090,/opt/data/beegfs/Task023_LUNA25/raw_splitted/labelsTs/1_2_840_113654_2_55_126332618375778172122402758900126972090.json,/opt/data/beegfs/Task023_LUNA25/raw_splitted/labelsTs/1_2_840_113654_2_55_126332618375778172122402758900126972090.nii.gz,ok,4,0,1 2 3 4,,1 2 3 4,,4,0,True,True
test,1_2_840_113654_2_55_127879144346398409265232271695834549106,/opt/data/beegfs/Task023_LUNA25/raw_splitted/labelsTs/1_2_840_113654_2_55_127879144346398409265232271695834549106.json,/opt/data/beegfs/Task023_LUNA25/raw_splitted/labelsTs/1_2_840_113654_2_55_127879144346398409265232271695834549106.nii.gz,ok,2,0,1 2,,1 2,,2,0,True,True
test,1_2_840_113654_2_55_129161505341392235846954602699118176295,/opt/data/beegfs/Task023_LUNA25/raw_splitted/labelsTs/1_2_840_113654_2_55_129161505341392235846954602699118176295.json,/opt/data/beegfs/Task023_LUNA25/raw_splitted/labelsTs/1_2_840_113654_2_55_129161505341392235846954602699118176295.nii.gz,ok,1,0,1,,1,,1,0,True,True
test,1_2_840_113654_2_55_129820836134168520293053926064840747893,/opt/data/beegfs/Task023_LUNA25/raw_splitted/labelsTs/1_2_840_113654_2_55_129820836134168520293053926064840747893.json,/opt/data/beegfs/Task023_LUNA25/raw_splitted/labelsTs/1_2_840_113654_2_55_129820836134168520293053926064840747893.nii.gz,ok,1,0,1,,1,,1,0,True,True
test,1_2_840_113654_2_55_130959870177882550833372599207391324754,/opt/data/beegfs/Task023_LUNA25/raw_splitted/labelsTs/1_2_840_113654_2_55_130959870177882550833372599207391324754.json,/opt/data/beegfs/Task023_LUNA25/raw_splitted/labelsTs/1_2_840_113654_2_55_130959870177882550833372599207391324754.nii.gz,ok,1,0,1,,1,,1,0,True,True
test,1_2_840_113654_2_55_131182843460591053470642964280930525876,/opt/data/beegfs/Task023_LUNA25/raw_splitted/labelsTs/1_2_840_113654_2_55_131182843460591053470642964280930525876.json,/opt/data/beegfs/Task023_LUNA25/raw_splitted/labelsTs/1_2_840_113654_2_55_131182843460591053470642964280930525876.nii.gz,ok,1,0,1,,1,,1,0,True,True
test,1_2_840_113654_2_55_132358487950471900816106640431982443058,/opt/data/beegfs/Task023_LUNA25/raw_splitted/labelsTs/1_2_840_113654_2_55_132358487950471900816106640431982443058.json,/opt/data/beegfs/Task023_LUNA25/raw_splitted/labelsTs/1_2_840_113654_2_55_132358487950471900816106640431982443058.nii.gz,ok,6,0,1 2 3 4 5 6,,1 2 3 4 5 6,,6,0,True,True
test,1_2_840_113654_2_55_133386609493277240203927332124127709601,/opt/data/beegfs/Task023_LUNA25/raw_splitted/labelsTs/1_2_840_113654_2_55_133386609493277240203927332124127709601.json,/opt/data/beegfs/Task023_LUNA25/raw_splitted/labelsTs/1_2_840_113654_2_55_133386609493277240203927332124127709601.nii.gz,ok,1,0,1,,1,,1,0,True,True
test,1_2_840_113654_2_55_134024114388787757910282842888052778016,/opt/data/beegfs/Task023_LUNA25/raw_splitted/labelsTs/1_2_840_113654_2_55_134024114388787757910282842888052778016.json,/opt/data/beegfs/Task023_LUNA25/raw_splitted/labelsTs/1_2_840_113654_2_55_134024114388787757910282842888052778016.nii.gz,ok,1,0,1,,1,,1,0,True,True
test,1_2_840_113654_2_55_134499607175505455351765902761934752797,/opt/data/beegfs/Task023_LUNA25/raw_splitted/labelsTs/1_2_840_113654_2_55_134499607175505455351765902761934752797.json,/opt/data/beegfs/Task023_LUNA25/raw_splitted/labelsTs/1_2_840_113654_2_55_134499607175505455351765902761934752797.nii.gz,ok,1,0,1,,1,,1,0,True,True
test,1_2_840_113654_2_55_135312532800636306422912105667791824180,/opt/data/beegfs/Task023_LUNA25/raw_splitted/labelsTs/1_2_840_113654_2_55_135312532800636306422912105667791824180.json,/opt/data/beegfs/Task023_LUNA25/raw_splitted/labelsTs/1_2_840_113654_2_55_135312532800636306422912105667791824180.nii.gz,ok,1,0,1,,1,,1,0,True,True
test,1_2_840_113654_2_55_13672741274082781122803247687004381644,/opt/data/beegfs/Task023_LUNA25/raw_splitted/labelsTs/1_2_840_113654_2_55_13672741274082781122803247687004381644.json,/opt/data/beegfs/Task023_LUNA25/raw_splitted/labelsTs/1_2_840_113654_2_55_13672741274082781122803247687004381644.nii.gz,ok,1,0,1,,1,,1,0,True,True
test,1_2_840_113654_2_55_137382376247834148877139165085017402902,/opt/data/beegfs/Task023_LUNA25/raw_splitted/labelsTs/1_2_840_113654_2_55_137382376247834148877139165085017402902.json,/opt/data/beegfs/Task023_LUNA25/raw_splitted/labelsTs/1_2_840_113654_2_55_137382376247834148877139165085017402902.nii.gz,ok,2,0,1 2,,1 2,,2,0,True,True
test,1_2_840_113654_2_55_138251616007580958154095830375360681604,/opt/data/beegfs/Task023_LUNA25/raw_splitted/labelsTs/1_2_840_113654_2_55_138251616007580958154095830375360681604.json,/opt/data/beegfs/Task023_LUNA25/raw_splitted/labelsTs/1_2_840_113654_2_55_138251616007580958154095830375360681604.nii.gz,ok,1,0,1,,1,,1,0,True,True
test,1_2_840_113654_2_55_13888860204574812547050871869444284311,/opt/data/beegfs/Task023_LUNA25/raw_splitted/labelsTs/1_2_840_113654_2_55_13888860204574812547050871869444284311.json,/opt/data/beegfs/Task023_LUNA25/raw_splitted/labelsTs/1_2_840_113654_2_55_13888860204574812547050871869444284311.nii.gz,ok,1,0,1,,1,,1,0,True,True
test,1_2_840_113654_2_55_139492020071869573847824235612903155692,/opt/data/beegfs/Task023_LUNA25/raw_splitted/labelsTs/1_2_840_113654_2_55_139492020071869573847824235612903155692.json,/opt/data/beegfs/Task023_LUNA25/raw_splitted/labelsTs/1_2_840_113654_2_55_139492020071869573847824235612903155692.nii.gz,ok,2,0,1 2,,1 2,,2,0,True,True
test,1_2_840_113654_2_55_139643264962705498172562651504603085682,/opt/data/beegfs/Task023_LUNA25/raw_splitted/labelsTs/1_2_840_113654_2_55_139643264962705498172562651504603085682.json,/opt/data/beegfs/Task023_LUNA25/raw_splitted/labelsTs/1_2_840_113654_2_55_139643264962705498172562651504603085682.nii.gz,ok,1,0,1,,1,,1,0,True,True
test,1_2_840_113654_2_55_139877954807849690394145592793122974359,/opt/data/beegfs/Task023_LUNA25/raw_splitted/labelsTs/1_2_840_113654_2_55_139877954807849690394145592793122974359.json,/opt/data/beegfs/Task023_LUNA25/raw_splitted/labelsTs/1_2_840_113654_2_55_139877954807849690394145592793122974359.nii.gz,ok,1,0,1,,1,,1,0,True,True
test,1_2_840_113654_2_55_14059028299195631370217959879698398394,/opt/data/beegfs/Task023_LUNA25/raw_splitted/labelsTs/1_2_840_113654_2_55_14059028299195631370217959879698398394.json,/opt/data/beegfs/Task023_LUNA25/raw_splitted/labelsTs/1_2_840_113654_2_55_14059028299195631370217959879698398394.nii.gz,ok,1,0,1,,1,,1,0,True,True
test,1_2_840_113654_2_55_141751942912405516148110040638470627452,/opt/data/beegfs/Task023_LUNA25/raw_splitted/labelsTs/1_2_840_113654_2_55_141751942912405516148110040638470627452.json,/opt/data/beegfs/Task023_LUNA25/raw_splitted/labelsTs/1_2_840_113654_2_55_141751942912405516148110040638470627452.nii.gz,ok,1,0,1,,1,,1,0,True,True
test,1_2_840_113654_2_55_14354832218744395267379933627003726284,/opt/data/beegfs/Task023_LUNA25/raw_splitted/labelsTs/1_2_840_113654_2_55_14354832218744395267379933627003726284.json,/opt/data/beegfs/Task023_LUNA25/raw_splitted/labelsTs/1_2_840_113654_2_55_14354832218744395267379933627003726284.nii.gz,ok,1,0,1,,1,,1,0,True,True
test,1_2_840_113654_2_55_143932896674595872447705412905458706342,/opt/data/beegfs/Task023_LUNA25/raw_splitted/labelsTs/1_2_840_113654_2_55_143932896674595872447705412905458706342.json,/opt/data/beegfs/Task023_LUNA25/raw_splitted/labelsTs/1_2_840_113654_2_55_143932896674595872447705412905458706342.nii.gz,ok,3,0,1 2 3,,1 2 3,,3,0,True,True
test,1_2_840_113654_2_55_144103101403679187356731683959120015322,/opt/data/beegfs/Task023_LUNA25/raw_splitted/labelsTs/1_2_840_113654_2_55_144103101403679187356731683959120015322.json,/opt/data/beegfs/Task023_LUNA25/raw_splitted/labelsTs/1_2_840_113654_2_55_144103101403679187356731683959120015322.nii.gz,ok,1,0,1,,1,,1,0,True,True
test,1_2_840_113654_2_55_145817899482941755607125526115454694434,/opt/data/beegfs/Task023_LUNA25/raw_splitted/labelsTs/1_2_840_113654_2_55_145817899482941755607125526115454694434.json,/opt/data/beegfs/Task023_LUNA25/raw_splitted/labelsTs/1_2_840_113654_2_55_145817899482941755607125526115454694434.nii.gz,ok,3,0,1 2 3,,1 2 3,,3,0,True,True
test,1_2_840_113654_2_55_146499484037960156158962466055894696234,/opt/data/beegfs/Task023_LUNA25/raw_splitted/labelsTs/1_2_840_113654_2_55_146499484037960156158962466055894696234.json,/opt/data/beegfs/Task023_LUNA25/raw_splitted/labelsTs/1_2_840_113654_2_55_146499484037960156158962466055894696234.nii.gz,ok,1,0,1,,1,,1,0,True,True
test,1_2_840_113654_2_55_147287244095010292444955609809502572784,/opt/data/beegfs/Task023_LUNA25/raw_splitted/labelsTs/1_2_840_113654_2_55_147287244095010292444955609809502572784.json,/opt/data/beegfs/Task023_LUNA25/raw_splitted/labelsTs/1_2_840_113654_2_55_147287244095010292444955609809502572784.nii.gz,ok,5,0,1 2 3 4 5,,1 2 3 4 5,,5,0,True,True
test,1_2_840_113654_2_55_148226206409914786790499304775829280728,/opt/data/beegfs/Task023_LUNA25/raw_splitted/labelsTs/1_2_840_113654_2_55_148226206409914786790499304775829280728.json,/opt/data/beegfs/Task023_LUNA25/raw_splitted/labelsTs/1_2_840_113654_2_55_148226206409914786790499304775829280728.nii.gz,ok,1,0,1,,1,,1,0,True,True
test,1_2_840_113654_2_55_148623461352200247001631253346563496194,/opt/data/beegfs/Task023_LUNA25/raw_splitted/labelsTs/1_2_840_113654_2_55_148623461352200247001631253346563496194.json,/opt/data/beegfs/Task023_LUNA25/raw_splitted/labelsTs/1_2_840_113654_2_55_148623461352200247001631253346563496194.nii.gz,ok,1,0,1,,1,,1,0,True,True
test,1_2_840_113654_2_55_150627596235853087897486908686203363422,/opt/data/beegfs/Task023_LUNA25/raw_splitted/labelsTs/1_2_840_113654_2_55_150627596235853087897486908686203363422.json,/opt/data/beegfs/Task023_LUNA25/raw_splitted/labelsTs/1_2_840_113654_2_55_150627596235853087897486908686203363422.nii.gz,ok,1,0,1,,1,,1,0,True,True
test,1_2_840_113654_2_55_150860573510130145435878031086661350262,/opt/data/beegfs/Task023_LUNA25/raw_splitted/labelsTs/1_2_840_113654_2_55_150860573510130145435878031086661350262.json,/opt/data/beegfs/Task023_LUNA25/raw_splitted/labelsTs/1_2_840_113654_2_55_150860573510130145435878031086661350262.nii.gz,ok,4,0,1 2 3 4,,1 2 3 4,,4,0,True,True
test,1_2_840_113654_2_55_151266835241366964662127512594686819186,/opt/data/beegfs/Task023_LUNA25/raw_splitted/labelsTs/1_2_840_113654_2_55_151266835241366964662127512594686819186.json,/opt/data/beegfs/Task023_LUNA25/raw_splitted/labelsTs/1_2_840_113654_2_55_151266835241366964662127512594686819186.nii.gz,ok,2,0,1 2,,1 2,,2,0,True,True
test,1_2_840_113654_2_55_151326077695946461004027358818164822560,/opt/data/beegfs/Task023_LUNA25/raw_splitted/labelsTs/1_2_840_113654_2_55_151326077695946461004027358818164822560.json,/opt/data/beegfs/Task023_LUNA25/raw_splitted/labelsTs/1_2_840_113654_2_55_151326077695946461004027358818164822560.nii.gz,ok,1,0,1,,1,,1,0,True,True
test,1_2_840_113654_2_55_151346950591563102651209322728757139298,/opt/data/beegfs/Task023_LUNA25/raw_splitted/labelsTs/1_2_840_113654_2_55_151346950591563102651209322728757139298.json,/opt/data/beegfs/Task023_LUNA25/raw_splitted/labelsTs/1_2_840_113654_2_55_151346950591563102651209322728757139298.nii.gz,ok,1,0,1,,1,,1,0,True,True
test,1_2_840_113654_2_55_15147634032706424512912761633605458659,/opt/data/beegfs/Task023_LUNA25/raw_splitted/labelsTs/1_2_840_113654_2_55_15147634032706424512912761633605458659.json,/opt/data/beegfs/Task023_LUNA25/raw_splitted/labelsTs/1_2_840_113654_2_55_15147634032706424512912761633605458659.nii.gz,ok,2,0,1 2,,1 2,,2,0,True,True
test,1_2_840_113654_2_55_151645084388788847872080750177948407626,/opt/data/beegfs/Task023_LUNA25/raw_splitted/labelsTs/1_2_840_113654_2_55_151645084388788847872080750177948407626.json,/opt/data/beegfs/Task023_LUNA25/raw_splitted/labelsTs/1_2_840_113654_2_55_151645084388788847872080750177948407626.nii.gz,ok,1,0,1,,1,,1,0,True,True
test,1_2_840_113654_2_55_151764378983004578839415752152557707006,/opt/data/beegfs/Task023_LUNA25/raw_splitted/labelsTs/1_2_840_113654_2_55_151764378983004578839415752152557707006.json,/opt/data/beegfs/Task023_LUNA25/raw_splitted/labelsTs/1_2_840_113654_2_55_151764378983004578839415752152557707006.nii.gz,ok,1,0,1,,1,,1,0,True,True
test,1_2_840_113654_2_55_152208230466233035899202806894914785730,/opt/data/beegfs/Task023_LUNA25/raw_splitted/labelsTs/1_2_840_113654_2_55_152208230466233035899202806894914785730.json,/opt/data/beegfs/Task023_LUNA25/raw_splitted/labelsTs/1_2_840_113654_2_55_152208230466233035899202806894914785730.nii.gz,ok,1,0,1,,1,,1,0,True,True
test,1_2_840_113654_2_55_153216925227720173881225496666463680514,/opt/data/beegfs/Task023_LUNA25/raw_splitted/labelsTs/1_2_840_113654_2_55_153216925227720173881225496666463680514.json,/opt/data/beegfs/Task023_LUNA25/raw_splitted/labelsTs/1_2_840_113654_2_55_153216925227720173881225496666463680514.nii.gz,ok,1,0,1,,1,,1,0,True,True
test,1_2_840_113654_2_55_153901703829597477195488803659851234723,/opt/data/beegfs/Task023_LUNA25/raw_splitted/labelsTs/1_2_840_113654_2_55_153901703829597477195488803659851234723.json,/opt/data/beegfs/Task023_LUNA25/raw_splitted/labelsTs/1_2_840_113654_2_55_153901703829597477195488803659851234723.nii.gz,ok,3,0,1 2 3,,1 2 3,,3,0,True,True
test,1_2_840_113654_2_55_154250574439391829825291272814422625525,/opt/data/beegfs/Task023_LUNA25/raw_splitted/labelsTs/1_2_840_113654_2_55_154250574439391829825291272814422625525.json,/opt/data/beegfs/Task023_LUNA25/raw_splitted/labelsTs/1_2_840_113654_2_55_154250574439391829825291272814422625525.nii.gz,ok,1,0,1,,1,,1,0,True,True
test,1_2_840_113654_2_55_158336676953043981563265818721936579512,/opt/data/beegfs/Task023_LUNA25/raw_splitted/labelsTs/1_2_840_113654_2_55_158336676953043981563265818721936579512.json,/opt/data/beegfs/Task023_LUNA25/raw_splitted/labelsTs/1_2_840_113654_2_55_158336676953043981563265818721936579512.nii.gz,ok,1,0,1,,1,,1,0,True,True
test,1_2_840_113654_2_55_158364186499334911697140176182635356136,/opt/data/beegfs/Task023_LUNA25/raw_splitted/labelsTs/1_2_840_113654_2_55_158364186499334911697140176182635356136.json,/opt/data/beegfs/Task023_LUNA25/raw_splitted/labelsTs/1_2_840_113654_2_55_158364186499334911697140176182635356136.nii.gz,ok,1,0,1,,1,,1,0,True,True
test,1_2_840_113654_2_55_158436292866687197073418884675097682903,/opt/data/beegfs/Task023_LUNA25/raw_splitted/labelsTs/1_2_840_113654_2_55_158436292866687197073418884675097682903.json,/opt/data/beegfs/Task023_LUNA25/raw_splitted/labelsTs/1_2_840_113654_2_55_158436292866687197073418884675097682903.nii.gz,ok,3,0,1 2 3,,1 2 3,,3,0,True,True
test,1_2_840_113654_2_55_158913040209905216305269718206706717435,/opt/data/beegfs/Task023_LUNA25/raw_splitted/labelsTs/1_2_840_113654_2_55_158913040209905216305269718206706717435.json,/opt/data/beegfs/Task023_LUNA25/raw_splitted/labelsTs/1_2_840_113654_2_55_158913040209905216305269718206706717435.nii.gz,ok,2,0,1 2,,1 2,,2,0,True,True
test,1_2_840_113654_2_55_159240362190252039928975159024277204667,/opt/data/beegfs/Task023_LUNA25/raw_splitted/labelsTs/1_2_840_113654_2_55_159240362190252039928975159024277204667.json,/opt/data/beegfs/Task023_LUNA25/raw_splitted/labelsTs/1_2_840_113654_2_55_159240362190252039928975159024277204667.nii.gz,ok,2,0,1 2,,1 2,,2,0,True,True
test,1_2_840_113654_2_55_161015432548845479126548541893966966642,/opt/data/beegfs/Task023_LUNA25/raw_splitted/labelsTs/1_2_840_113654_2_55_161015432548845479126548541893966966642.json,/opt/data/beegfs/Task023_LUNA25/raw_splitted/labelsTs/1_2_840_113654_2_55_161015432548845479126548541893966966642.nii.gz,ok,2,0,1 2,,1 2,,2,0,True,True
test,1_2_840_113654_2_55_161520340806126242433530899776166204929,/opt/data/beegfs/Task023_LUNA25/raw_splitted/labelsTs/1_2_840_113654_2_55_161520340806126242433530899776166204929.json,/opt/data/beegfs/Task023_LUNA25/raw_splitted/labelsTs/1_2_840_113654_2_55_161520340806126242433530899776166204929.nii.gz,ok,1,0,1,,1,,1,0,True,True
test,1_2_840_113654_2_55_162102412247245789380143457273145998525,/opt/data/beegfs/Task023_LUNA25/raw_splitted/labelsTs/1_2_840_113654_2_55_162102412247245789380143457273145998525.json,/opt/data/beegfs/Task023_LUNA25/raw_splitted/labelsTs/1_2_840_113654_2_55_162102412247245789380143457273145998525.nii.gz,ok,2,0,1 2,,1 2,,2,0,True,True
test,1_2_840_113654_2_55_162683757023307742551847600818461150342,/opt/data/beegfs/Task023_LUNA25/raw_splitted/labelsTs/1_2_840_113654_2_55_162683757023307742551847600818461150342.json,/opt/data/beegfs/Task023_LUNA25/raw_splitted/labelsTs/1_2_840_113654_2_55_162683757023307742551847600818461150342.nii.gz,ok,1,0,1,,1,,1,0,True,True
test,1_2_840_113654_2_55_163157343208229957055951094367020795129,/opt/data/beegfs/Task023_LUNA25/raw_splitted/labelsTs/1_2_840_113654_2_55_163157343208229957055951094367020795129.json,/opt/data/beegfs/Task023_LUNA25/raw_splitted/labelsTs/1_2_840_113654_2_55_163157343208229957055951094367020795129.nii.gz,ok,6,0,1 2 3 4 5 6,,1 2 3 4 5 6,,6,0,True,True
test,1_2_840_113654_2_55_163197983306747280266886185701975225918,/opt/data/beegfs/Task023_LUNA25/raw_splitted/labelsTs/1_2_840_113654_2_55_163197983306747280266886185701975225918.json,/opt/data/beegfs/Task023_LUNA25/raw_splitted/labelsTs/1_2_840_113654_2_55_163197983306747280266886185701975225918.nii.gz,ok,4,0,1 2 3 4,,1 2 3 4,,4,0,True,True
test,1_2_840_113654_2_55_163507375133515111945958103969021313217,/opt/data/beegfs/Task023_LUNA25/raw_splitted/labelsTs/1_2_840_113654_2_55_163507375133515111945958103969021313217.json,/opt/data/beegfs/Task023_LUNA25/raw_splitted/labelsTs/1_2_840_113654_2_55_163507375133515111945958103969021313217.nii.gz,ok,1,0,1,,1,,1,0,True,True
test,1_2_840_113654_2_55_164263129624040535654576546978656330344,/opt/data/beegfs/Task023_LUNA25/raw_splitted/labelsTs/1_2_840_113654_2_55_164263129624040535654576546978656330344.json,/opt/data/beegfs/Task023_LUNA25/raw_splitted/labelsTs/1_2_840_113654_2_55_164263129624040535654576546978656330344.nii.gz,ok,4,0,1 2 3 4,,1 2 3 4,,4,0,True,True
test,1_2_840_113654_2_55_1644461019536107155369594909563116251,/opt/data/beegfs/Task023_LUNA25/raw_splitted/labelsTs/1_2_840_113654_2_55_1644461019536107155369594909563116251.json,/opt/data/beegfs/Task023_LUNA25/raw_splitted/labelsTs/1_2_840_113654_2_55_1644461019536107155369594909563116251.nii.gz,ok,5,0,1 2 3 4 5,,1 2 3 4 5,,5,0,True,True
test,1_2_840_113654_2_55_165160286475769570250122242606209835324,/opt/data/beegfs/Task023_LUNA25/raw_splitted/labelsTs/1_2_840_113654_2_55_165160286475769570250122242606209835324.json,/opt/data/beegfs/Task023_LUNA25/raw_splitted/labelsTs/1_2_840_113654_2_55_165160286475769570250122242606209835324.nii.gz,ok,2,0,1 2,,1 2,,2,0,True,True
test,1_2_840_113654_2_55_165819707987979982288192048874197509026,/opt/data/beegfs/Task023_LUNA25/raw_splitted/labelsTs/1_2_840_113654_2_55_165819707987979982288192048874197509026.json,/opt/data/beegfs/Task023_LUNA25/raw_splitted/labelsTs/1_2_840_113654_2_55_165819707987979982288192048874197509026.nii.gz,ok,1,0,1,,1,,1,0,True,True
test,1_2_840_113654_2_55_166011741839145267603468595269518951812,/opt/data/beegfs/Task023_LUNA25/raw_splitted/labelsTs/1_2_840_113654_2_55_166011741839145267603468595269518951812.json,/opt/data/beegfs/Task023_LUNA25/raw_splitted/labelsTs/1_2_840_113654_2_55_166011741839145267603468595269518951812.nii.gz,ok,2,0,1 2,,1 2,,2,0,True,True
test,1_2_840_113654_2_55_166113567484884003430244845811535985615,/opt/data/beegfs/Task023_LUNA25/raw_splitted/labelsTs/1_2_840_113654_2_55_166113567484884003430244845811535985615.json,/opt/data/beegfs/Task023_LUNA25/raw_splitted/labelsTs/1_2_840_113654_2_55_166113567484884003430244845811535985615.nii.gz,ok,1,0,1,,1,,1,0,True,True
test,1_2_840_113654_2_55_167315144178376751003685540482766432596,/opt/data/beegfs/Task023_LUNA25/raw_splitted/labelsTs/1_2_840_113654_2_55_167315144178376751003685540482766432596.json,/opt/data/beegfs/Task023_LUNA25/raw_splitted/labelsTs/1_2_840_113654_2_55_167315144178376751003685540482766432596.nii.gz,ok,1,0,1,,1,,1,0,True,True
test,1_2_840_113654_2_55_168171772783577550944268787477024524132,/opt/data/beegfs/Task023_LUNA25/raw_splitted/labelsTs/1_2_840_113654_2_55_168171772783577550944268787477024524132.json,/opt/data/beegfs/Task023_LUNA25/raw_splitted/labelsTs/1_2_840_113654_2_55_168171772783577550944268787477024524132.nii.gz,ok,1,0,1,,1,,1,0,True,True
test,1_2_840_113654_2_55_169307805262173798835083381590703251614,/opt/data/beegfs/Task023_LUNA25/raw_splitted/labelsTs/1_2_840_113654_2_55_169307805262173798835083381590703251614.json,/opt/data/beegfs/Task023_LUNA25/raw_splitted/labelsTs/1_2_840_113654_2_55_169307805262173798835083381590703251614.nii.gz,ok,2,0,1 2,,1 2,,2,0,True,True
test,1_2_840_113654_2_55_169760908950119001713259418968986900515,/opt/data/beegfs/Task023_LUNA25/raw_splitted/labelsTs/1_2_840_113654_2_55_169760908950119001713259418968986900515.json,/opt/data/beegfs/Task023_LUNA25/raw_splitted/labelsTs/1_2_840_113654_2_55_169760908950119001713259418968986900515.nii.gz,ok,3,0,1 2 3,,1 2 3,,3,0,True,True
test,1_2_840_113654_2_55_170307273288979089775005402303618601317,/opt/data/beegfs/Task023_LUNA25/raw_splitted/labelsTs/1_2_840_113654_2_55_170307273288979089775005402303618601317.json,/opt/data/beegfs/Task023_LUNA25/raw_splitted/labelsTs/1_2_840_113654_2_55_170307273288979089775005402303618601317.nii.gz,ok,1,0,1,,1,,1,0,True,True
test,1_2_840_113654_2_55_170816692924853018134205816831923698335,/opt/data/beegfs/Task023_LUNA25/raw_splitted/labelsTs/1_2_840_113654_2_55_170816692924853018134205816831923698335.json,/opt/data/beegfs/Task023_LUNA25/raw_splitted/labelsTs/1_2_840_113654_2_55_170816692924853018134205816831923698335.nii.gz,ok,1,0,1,,1,,1,0,True,True
test,1_2_840_113654_2_55_171600902594028622397753720861992381949,/opt/data/beegfs/Task023_LUNA25/raw_splitted/labelsTs/1_2_840_113654_2_55_171600902594028622397753720861992381949.json,/opt/data/beegfs/Task023_LUNA25/raw_splitted/labelsTs/1_2_840_113654_2_55_171600902594028622397753720861992381949.nii.gz,ok,2,0,1 2,,1 2,,2,0,True,True
test,1_2_840_113654_2_55_171789699520236143565417922154010052596,/opt/data/beegfs/Task023_LUNA25/raw_splitted/labelsTs/1_2_840_113654_2_55_171789699520236143565417922154010052596.json,/opt/data/beegfs/Task023_LUNA25/raw_splitted/labelsTs/1_2_840_113654_2_55_171789699520236143565417922154010052596.nii.gz,ok,1,0,1,,1,,1,0,True,True
test,1_2_840_113654_2_55_171868403136372730861453374526902551772,/opt/data/beegfs/Task023_LUNA25/raw_splitted/labelsTs/1_2_840_113654_2_55_171868403136372730861453374526902551772.json,/opt/data/beegfs/Task023_LUNA25/raw_splitted/labelsTs/1_2_840_113654_2_55_171868403136372730861453374526902551772.nii.gz,ok,1,0,1,,1,,1,0,True,True
test,1_2_840_113654_2_55_173018988611296308593105428002259821920,/opt/data/beegfs/Task023_LUNA25/raw_splitted/labelsTs/1_2_840_113654_2_55_173018988611296308593105428002259821920.json,/opt/data/beegfs/Task023_LUNA25/raw_splitted/labelsTs/1_2_840_113654_2_55_173018988611296308593105428002259821920.nii.gz,ok,1,0,1,,1,,1,0,True,True
test,1_2_840_113654_2_55_173424253198228139890805375160837252191,/opt/data/beegfs/Task023_LUNA25/raw_splitted/labelsTs/1_2_840_113654_2_55_173424253198228139890805375160837252191.json,/opt/data/beegfs/Task023_LUNA25/raw_splitted/labelsTs/1_2_840_113654_2_55_173424253198228139890805375160837252191.nii.gz,ok,2,0,1 2,,1 2,,2,0,True,True
test,1_2_840_113654_2_55_174026363082037429141351039843094571283,/opt/data/beegfs/Task023_LUNA25/raw_splitted/labelsTs/1_2_840_113654_2_55_174026363082037429141351039843094571283.json,/opt/data/beegfs/Task023_LUNA25/raw_splitted/labelsTs/1_2_840_113654_2_55_174026363082037429141351039843094571283.nii.gz,ok,1,0,1,,1,,1,0,True,True
test,1_2_840_113654_2_55_174454579938347981514705072668964428597,/opt/data/beegfs/Task023_LUNA25/raw_splitted/labelsTs/1_2_840_113654_2_55_174454579938347981514705072668964428597.json,/opt/data/beegfs/Task023_LUNA25/raw_splitted/labelsTs/1_2_840_113654_2_55_174454579938347981514705072668964428597.nii.gz,ok,1,0,1,,1,,1,0,True,True
test,1_2_840_113654_2_55_176074695080667546844461368379709810299,/opt/data/beegfs/Task023_LUNA25/raw_splitted/labelsTs/1_2_840_113654_2_55_176074695080667546844461368379709810299.json,/opt/data/beegfs/Task023_LUNA25/raw_splitted/labelsTs/1_2_840_113654_2_55_176074695080667546844461368379709810299.nii.gz,ok,1,0,1,,1,,1,0,True,True
test,1_2_840_113654_2_55_177211017472119913776440917405149640396,/opt/data/beegfs/Task023_LUNA25/raw_splitted/labelsTs/1_2_840_113654_2_55_177211017472119913776440917405149640396.json,/opt/data/beegfs/Task023_LUNA25/raw_splitted/labelsTs/1_2_840_113654_2_55_177211017472119913776440917405149640396.nii.gz,ok,1,0,1,,1,,1,0,True,True
test,1_2_840_113654_2_55_178080452224542100127903225992174908657,/opt/data/beegfs/Task023_LUNA25/raw_splitted/labelsTs/1_2_840_113654_2_55_178080452224542100127903225992174908657.json,/opt/data/beegfs/Task023_LUNA25/raw_splitted/labelsTs/1_2_840_113654_2_55_178080452224542100127903225992174908657.nii.gz,ok,1,0,1,,1,,1,0,True,True
test,1_2_840_113654_2_55_178374779401099571775128047483623681354,/opt/data/beegfs/Task023_LUNA25/raw_splitted/labelsTs/1_2_840_113654_2_55_178374779401099571775128047483623681354.json,/opt/data/beegfs/Task023_LUNA25/raw_splitted/labelsTs/1_2_840_113654_2_55_178374779401099571775128047483623681354.nii.gz,ok,1,0,1,,1,,1,0,True,True
test,1_2_840_113654_2_55_179053760657299078146099062324237248252,/opt/data/beegfs/Task023_LUNA25/raw_splitted/labelsTs/1_2_840_113654_2_55_179053760657299078146099062324237248252.json,/opt/data/beegfs/Task023_LUNA25/raw_splitted/labelsTs/1_2_840_113654_2_55_179053760657299078146099062324237248252.nii.gz,ok,1,0,1,,1,,1,0,True,True
test,1_2_840_113654_2_55_18021447836987367193181487453530460738,/opt/data/beegfs/Task023_LUNA25/raw_splitted/labelsTs/1_2_840_113654_2_55_18021447836987367193181487453530460738.json,/opt/data/beegfs/Task023_LUNA25/raw_splitted/labelsTs/1_2_840_113654_2_55_18021447836987367193181487453530460738.nii.gz,ok,1,0,1,,1,,1,0,True,True
test,1_2_840_113654_2_55_180301653866208327856506455679209716663,/opt/data/beegfs/Task023_LUNA25/raw_splitted/labelsTs/1_2_840_113654_2_55_180301653866208327856506455679209716663.json,/opt/data/beegfs/Task023_LUNA25/raw_splitted/labelsTs/1_2_840_113654_2_55_180301653866208327856506455679209716663.nii.gz,ok,1,0,1,,1,,1,0,True,True
test,1_2_840_113654_2_55_180432405768265030390856778793445707925,/opt/data/beegfs/Task023_LUNA25/raw_splitted/labelsTs/1_2_840_113654_2_55_180432405768265030390856778793445707925.json,/opt/data/beegfs/Task023_LUNA25/raw_splitted/labelsTs/1_2_840_113654_2_55_180432405768265030390856778793445707925.nii.gz,ok,4,0,1 2 3 4,,1 2 3 4,,4,0,True,True
test,1_2_840_113654_2_55_180980801111603742785616577310249372446,/opt/data/beegfs/Task023_LUNA25/raw_splitted/labelsTs/1_2_840_113654_2_55_180980801111603742785616577310249372446.json,/opt/data/beegfs/Task023_LUNA25/raw_splitted/labelsTs/1_2_840_113654_2_55_180980801111603742785616577310249372446.nii.gz,ok,3,0,1 2 3,,1 2 3,,3,0,True,True
test,1_2_840_113654_2_55_181092071078570830324590204575700428194,/opt/data/beegfs/Task023_LUNA25/raw_splitted/labelsTs/1_2_840_113654_2_55_181092071078570830324590204575700428194.json,/opt/data/beegfs/Task023_LUNA25/raw_splitted/labelsTs/1_2_840_113654_2_55_181092071078570830324590204575700428194.nii.gz,ok,1,0,1,,1,,1,0,True,True
test,1_2_840_113654_2_55_181554267385284095704260291466286177525,/opt/data/beegfs/Task023_LUNA25/raw_splitted/labelsTs/1_2_840_113654_2_55_181554267385284095704260291466286177525.json,/opt/data/beegfs/Task023_LUNA25/raw_splitted/labelsTs/1_2_840_113654_2_55_181554267385284095704260291466286177525.nii.gz,ok,2,0,1 2,,1 2,,2,0,True,True
test,1_2_840_113654_2_55_181611590162758306644283047050784393829,/opt/data/beegfs/Task023_LUNA25/raw_splitted/labelsTs/1_2_840_113654_2_55_181611590162758306644283047050784393829.json,/opt/data/beegfs/Task023_LUNA25/raw_splitted/labelsTs/1_2_840_113654_2_55_181611590162758306644283047050784393829.nii.gz,ok,1,0,1,,1,,1,0,True,True
test,1_2_840_113654_2_55_181936653072864352167117125961149534527,/opt/data/beegfs/Task023_LUNA25/raw_splitted/labelsTs/1_2_840_113654_2_55_181936653072864352167117125961149534527.json,/opt/data/beegfs/Task023_LUNA25/raw_splitted/labelsTs/1_2_840_113654_2_55_181936653072864352167117125961149534527.nii.gz,ok,3,0,1 2 3,,1 2 3,,3,0,True,True
test,1_2_840_113654_2_55_18211681558540829391792264005343699929,/opt/data/beegfs/Task023_LUNA25/raw_splitted/labelsTs/1_2_840_113654_2_55_18211681558540829391792264005343699929.json,/opt/data/beegfs/Task023_LUNA25/raw_splitted/labelsTs/1_2_840_113654_2_55_18211681558540829391792264005343699929.nii.gz,ok,2,0,1 2,,1 2,,2,0,True,True
test,1_2_840_113654_2_55_182297731583822168415862834573231174577,/opt/data/beegfs/Task023_LUNA25/raw_splitted/labelsTs/1_2_840_113654_2_55_182297731583822168415862834573231174577.json,/opt/data/beegfs/Task023_LUNA25/raw_splitted/labelsTs/1_2_840_113654_2_55_182297731583822168415862834573231174577.nii.gz,ok,2,0,1 2,,1 2,,2,0,True,True
test,1_2_840_113654_2_55_182523064675708796983422989530719067428,/opt/data/beegfs/Task023_LUNA25/raw_splitted/labelsTs/1_2_840_113654_2_55_182523064675708796983422989530719067428.json,/opt/data/beegfs/Task023_LUNA25/raw_splitted/labelsTs/1_2_840_113654_2_55_182523064675708796983422989530719067428.nii.gz,ok,1,0,1,,1,,1,0,True,True
test,1_2_840_113654_2_55_182760380539993313954220820821024778470,/opt/data/beegfs/Task023_LUNA25/raw_splitted/labelsTs/1_2_840_113654_2_55_182760380539993313954220820821024778470.json,/opt/data/beegfs/Task023_LUNA25/raw_splitted/labelsTs/1_2_840_113654_2_55_182760380539993313954220820821024778470.nii.gz,ok,2,0,1 2,,1 2,,2,0,True,True
test,1_2_840_113654_2_55_183125364895286732850640076263563762479,/opt/data/beegfs/Task023_LUNA25/raw_splitted/labelsTs/1_2_840_113654_2_55_183125364895286732850640076263563762479.json,/opt/data/beegfs/Task023_LUNA25/raw_splitted/labelsTs/1_2_840_113654_2_55_183125364895286732850640076263563762479.nii.gz,ok,2,0,1 2,,1 2,,2,0,True,True
test,1_2_840_113654_2_55_183189102472549401418373957191930043361,/opt/data/beegfs/Task023_LUNA25/raw_splitted/labelsTs/1_2_840_113654_2_55_183189102472549401418373957191930043361.json,/opt/data/beegfs/Task023_LUNA25/raw_splitted/labelsTs/1_2_840_113654_2_55_183189102472549401418373957191930043361.nii.gz,ok,3,0,1 2 3,,1 2 3,,3,0,True,True
test,1_2_840_113654_2_55_18362502511849986771192009426075151487,/opt/data/beegfs/Task023_LUNA25/raw_splitted/labelsTs/1_2_840_113654_2_55_18362502511849986771192009426075151487.json,/opt/data/beegfs/Task023_LUNA25/raw_splitted/labelsTs/1_2_840_113654_2_55_18362502511849986771192009426075151487.nii.gz,ok,2,0,1 2,,1 2,,2,0,True,True
test,1_2_840_113654_2_55_184844409722522811193948073382567755388,/opt/data/beegfs/Task023_LUNA25/raw_splitted/labelsTs/1_2_840_113654_2_55_184844409722522811193948073382567755388.json,/opt/data/beegfs/Task023_LUNA25/raw_splitted/labelsTs/1_2_840_113654_2_55_184844409722522811193948073382567755388.nii.gz,ok,1,0,1,,1,,1,0,True,True
test,1_2_840_113654_2_55_18681169795262620520794831825907522561,/opt/data/beegfs/Task023_LUNA25/raw_splitted/labelsTs/1_2_840_113654_2_55_18681169795262620520794831825907522561.json,/opt/data/beegfs/Task023_LUNA25/raw_splitted/labelsTs/1_2_840_113654_2_55_18681169795262620520794831825907522561.nii.gz,ok,1,0,1,,1,,1,0,True,True
test,1_2_840_113654_2_55_187808450252524204426900698818653647463,/opt/data/beegfs/Task023_LUNA25/raw_splitted/labelsTs/1_2_840_113654_2_55_187808450252524204426900698818653647463.json,/opt/data/beegfs/Task023_LUNA25/raw_splitted/labelsTs/1_2_840_113654_2_55_187808450252524204426900698818653647463.nii.gz,ok,1,0,1,,1,,1,0,True,True
test,1_2_840_113654_2_55_188242595798271801642774838995821463587,/opt/data/beegfs/Task023_LUNA25/raw_splitted/labelsTs/1_2_840_113654_2_55_188242595798271801642774838995821463587.json,/opt/data/beegfs/Task023_LUNA25/raw_splitted/labelsTs/1_2_840_113654_2_55_188242595798271801642774838995821463587.nii.gz,ok,1,0,1,,1,,1,0,True,True
test,1_2_840_113654_2_55_188330292147091608690629130928895561247,/opt/data/beegfs/Task023_LUNA25/raw_splitted/labelsTs/1_2_840_113654_2_55_188330292147091608690629130928895561247.json,/opt/data/beegfs/Task023_LUNA25/raw_splitted/labelsTs/1_2_840_113654_2_55_188330292147091608690629130928895561247.nii.gz,ok,2,0,1 2,,1 2,,2,0,True,True
test,1_2_840_113654_2_55_190262781030653496307978866545983039874,/opt/data/beegfs/Task023_LUNA25/raw_splitted/labelsTs/1_2_840_113654_2_55_190262781030653496307978866545983039874.json,/opt/data/beegfs/Task023_LUNA25/raw_splitted/labelsTs/1_2_840_113654_2_55_190262781030653496307978866545983039874.nii.gz,ok,2,0,1 2,,1 2,,2,0,True,True
test,1_2_840_113654_2_55_190422186187346815081360788944682077464,/opt/data/beegfs/Task023_LUNA25/raw_splitted/labelsTs/1_2_840_113654_2_55_190422186187346815081360788944682077464.json,/opt/data/beegfs/Task023_LUNA25/raw_splitted/labelsTs/1_2_840_113654_2_55_190422186187346815081360788944682077464.nii.gz,ok,2,0,1 2,,1 2,,2,0,True,True
test,1_2_840_113654_2_55_191307112514620570525577163730456830032,/opt/data/beegfs/Task023_LUNA25/raw_splitted/labelsTs/1_2_840_113654_2_55_191307112514620570525577163730456830032.json,/opt/data/beegfs/Task023_LUNA25/raw_splitted/labelsTs/1_2_840_113654_2_55_191307112514620570525577163730456830032.nii.gz,ok,2,0,1 2,,1 2,,2,0,True,True
test,1_2_840_113654_2_55_191392196660134602404300861912301369866,/opt/data/beegfs/Task023_LUNA25/raw_splitted/labelsTs/1_2_840_113654_2_55_191392196660134602404300861912301369866.json,/opt/data/beegfs/Task023_LUNA25/raw_splitted/labelsTs/1_2_840_113654_2_55_191392196660134602404300861912301369866.nii.gz,ok,5,0,1 2 3 4 5,,1 2 3 4 5,,5,0,True,True
test,1_2_840_113654_2_55_192589531670356439771390492342208555607,/opt/data/beegfs/Task023_LUNA25/raw_splitted/labelsTs/1_2_840_113654_2_55_192589531670356439771390492342208555607.json,/opt/data/beegfs/Task023_LUNA25/raw_splitted/labelsTs/1_2_840_113654_2_55_192589531670356439771390492342208555607.nii.gz,ok,1,0,1,,1,,1,0,True,True
test,1_2_840_113654_2_55_193154666905667999357195265838101973735,/opt/data/beegfs/Task023_LUNA25/raw_splitted/labelsTs/1_2_840_113654_2_55_193154666905667999357195265838101973735.json,/opt/data/beegfs/Task023_LUNA25/raw_splitted/labelsTs/1_2_840_113654_2_55_193154666905667999357195265838101973735.nii.gz,ok,1,0,1,,1,,1,0,True,True
test,1_2_840_113654_2_55_193455300456599328272791321369668713078,/opt/data/beegfs/Task023_LUNA25/raw_splitted/labelsTs/1_2_840_113654_2_55_193455300456599328272791321369668713078.json,/opt/data/beegfs/Task023_LUNA25/raw_splitted/labelsTs/1_2_840_113654_2_55_193455300456599328272791321369668713078.nii.gz,ok,1,0,1,,1,,1,0,True,True
test,1_2_840_113654_2_55_194035830247271529951649753653197111745,/opt/data/beegfs/Task023_LUNA25/raw_splitted/labelsTs/1_2_840_113654_2_55_194035830247271529951649753653197111745.json,/opt/data/beegfs/Task023_LUNA25/raw_splitted/labelsTs/1_2_840_113654_2_55_194035830247271529951649753653197111745.nii.gz,ok,1,0,1,,1,,1,0,True,True
test,1_2_840_113654_2_55_194100962498581744629324365001643858987,/opt/data/beegfs/Task023_LUNA25/raw_splitted/labelsTs/1_2_840_113654_2_55_194100962498581744629324365001643858987.json,/opt/data/beegfs/Task023_LUNA25/raw_splitted/labelsTs/1_2_840_113654_2_55_194100962498581744629324365001643858987.nii.gz,ok,1,0,1,,1,,1,0,True,True
test,1_2_840_113654_2_55_194612013895472181898898603010251889121,/opt/data/beegfs/Task023_LUNA25/raw_splitted/labelsTs/1_2_840_113654_2_55_194612013895472181898898603010251889121.json,/opt/data/beegfs/Task023_LUNA25/raw_splitted/labelsTs/1_2_840_113654_2_55_194612013895472181898898603010251889121.nii.gz,ok,2,0,1 2,,1 2,,2,0,True,True
test,1_2_840_113654_2_55_195323147300703396161874572006656871559,/opt/data/beegfs/Task023_LUNA25/raw_splitted/labelsTs/1_2_840_113654_2_55_195323147300703396161874572006656871559.json,/opt/data/beegfs/Task023_LUNA25/raw_splitted/labelsTs/1_2_840_113654_2_55_195323147300703396161874572006656871559.nii.gz,ok,1,0,1,,1,,1,0,True,True
test,1_2_840_113654_2_55_196063499229869954022974521675031732067,/opt/data/beegfs/Task023_LUNA25/raw_splitted/labelsTs/1_2_840_113654_2_55_196063499229869954022974521675031732067.json,/opt/data/beegfs/Task023_LUNA25/raw_splitted/labelsTs/1_2_840_113654_2_55_196063499229869954022974521675031732067.nii.gz,ok,1,0,1,,1,,1,0,True,True
test,1_2_840_113654_2_55_196452594060051393942016086541204405233,/opt/data/beegfs/Task023_LUNA25/raw_splitted/labelsTs/1_2_840_113654_2_55_196452594060051393942016086541204405233.json,/opt/data/beegfs/Task023_LUNA25/raw_splitted/labelsTs/1_2_840_113654_2_55_196452594060051393942016086541204405233.nii.gz,ok,3,0,1 2 3,,1 2 3,,3,0,True,True
test,1_2_840_113654_2_55_196734987801349347865154850232688551379,/opt/data/beegfs/Task023_LUNA25/raw_splitted/labelsTs/1_2_840_113654_2_55_196734987801349347865154850232688551379.json,/opt/data/beegfs/Task023_LUNA25/raw_splitted/labelsTs/1_2_840_113654_2_55_196734987801349347865154850232688551379.nii.gz,ok,1,0,1,,1,,1,0,True,True
test,1_2_840_113654_2_55_198985018680971886690669187370976775899,/opt/data/beegfs/Task023_LUNA25/raw_splitted/labelsTs/1_2_840_113654_2_55_198985018680971886690669187370976775899.json,/opt/data/beegfs/Task023_LUNA25/raw_splitted/labelsTs/1_2_840_113654_2_55_198985018680971886690669187370976775899.nii.gz,ok,1,0,1,,1,,1,0,True,True
test,1_2_840_113654_2_55_199705521582935602703063000669706646199,/opt/data/beegfs/Task023_LUNA25/raw_splitted/labelsTs/1_2_840_113654_2_55_199705521582935602703063000669706646199.json,/opt/data/beegfs/Task023_LUNA25/raw_splitted/labelsTs/1_2_840_113654_2_55_199705521582935602703063000669706646199.nii.gz,ok,1,0,1,,1,,1,0,True,True
test,1_2_840_113654_2_55_2004971872633542732013594063547467863,/opt/data/beegfs/Task023_LUNA25/raw_splitted/labelsTs/1_2_840_113654_2_55_2004971872633542732013594063547467863.json,/opt/data/beegfs/Task023_LUNA25/raw_splitted/labelsTs/1_2_840_113654_2_55_2004971872633542732013594063547467863.nii.gz,ok,1,0,1,,1,,1,0,True,True
test,1_2_840_113654_2_55_200932748333982227270105712503240293455,/opt/data/beegfs/Task023_LUNA25/raw_splitted/labelsTs/1_2_840_113654_2_55_200932748333982227270105712503240293455.json,/opt/data/beegfs/Task023_LUNA25/raw_splitted/labelsTs/1_2_840_113654_2_55_200932748333982227270105712503240293455.nii.gz,ok,1,0,1,,1,,1,0,True,True
test,1_2_840_113654_2_55_200967630148256858496954101265374250566,/opt/data/beegfs/Task023_LUNA25/raw_splitted/labelsTs/1_2_840_113654_2_55_200967630148256858496954101265374250566.json,/opt/data/beegfs/Task023_LUNA25/raw_splitted/labelsTs/1_2_840_113654_2_55_200967630148256858496954101265374250566.nii.gz,ok,1,0,1,,1,,1,0,True,True
test,1_2_840_113654_2_55_201316699431562883156510354629524185842,/opt/data/beegfs/Task023_LUNA25/raw_splitted/labelsTs/1_2_840_113654_2_55_201316699431562883156510354629524185842.json,/opt/data/beegfs/Task023_LUNA25/raw_splitted/labelsTs/1_2_840_113654_2_55_201316699431562883156510354629524185842.nii.gz,ok,3,0,1 2 3,,1 2 3,,3,0,True,True
test,1_2_840_113654_2_55_201781697238623274006193970352758505577,/opt/data/beegfs/Task023_LUNA25/raw_splitted/labelsTs/1_2_840_113654_2_55_201781697238623274006193970352758505577.json,/opt/data/beegfs/Task023_LUNA25/raw_splitted/labelsTs/1_2_840_113654_2_55_201781697238623274006193970352758505577.nii.gz,ok,1,0,1,,1,,1,0,True,True
test,1_2_840_113654_2_55_201971537508449548657255471777477058226,/opt/data/beegfs/Task023_LUNA25/raw_splitted/labelsTs/1_2_840_113654_2_55_201971537508449548657255471777477058226.json,/opt/data/beegfs/Task023_LUNA25/raw_splitted/labelsTs/1_2_840_113654_2_55_201971537508449548657255471777477058226.nii.gz,ok,1,0,1,,1,,1,0,True,True
test,1_2_840_113654_2_55_202078761136036749161107553563389075803,/opt/data/beegfs/Task023_LUNA25/raw_splitted/labelsTs/1_2_840_113654_2_55_202078761136036749161107553563389075803.json,/opt/data/beegfs/Task023_LUNA25/raw_splitted/labelsTs/1_2_840_113654_2_55_202078761136036749161107553563389075803.nii.gz,ok,1,0,1,,1,,1,0,True,True
test,1_2_840_113654_2_55_202263346049242177398292481553498664806,/opt/data/beegfs/Task023_LUNA25/raw_splitted/labelsTs/1_2_840_113654_2_55_202263346049242177398292481553498664806.json,/opt/data/beegfs/Task023_LUNA25/raw_splitted/labelsTs/1_2_840_113654_2_55_202263346049242177398292481553498664806.nii.gz,ok,2,0,1 2,,1 2,,2,0,True,True
test,1_2_840_113654_2_55_202822225752610788959445868339739800766,/opt/data/beegfs/Task023_LUNA25/raw_splitted/labelsTs/1_2_840_113654_2_55_202822225752610788959445868339739800766.json,/opt/data/beegfs/Task023_LUNA25/raw_splitted/labelsTs/1_2_840_113654_2_55_202822225752610788959445868339739800766.nii.gz,ok,3,0,1 2 3,,1 2 3,,3,0,True,True
test,1_2_840_113654_2_55_203064766170113009440658863903008882323,/opt/data/beegfs/Task023_LUNA25/raw_splitted/labelsTs/1_2_840_113654_2_55_203064766170113009440658863903008882323.json,/opt/data/beegfs/Task023_LUNA25/raw_splitted/labelsTs/1_2_840_113654_2_55_203064766170113009440658863903008882323.nii.gz,ok,1,0,1,,1,,1,0,True,True
test,1_2_840_113654_2_55_203645314022151613176758215630602971121,/opt/data/beegfs/Task023_LUNA25/raw_splitted/labelsTs/1_2_840_113654_2_55_203645314022151613176758215630602971121.json,/opt/data/beegfs/Task023_LUNA25/raw_splitted/labelsTs/1_2_840_113654_2_55_203645314022151613176758215630602971121.nii.gz,ok,5,0,1 2 3 4 5,,1 2 3 4 5,,5,0,True,True
test,1_2_840_113654_2_55_204028749933741873137927776174462982889,/opt/data/beegfs/Task023_LUNA25/raw_splitted/labelsTs/1_2_840_113654_2_55_204028749933741873137927776174462982889.json,/opt/data/beegfs/Task023_LUNA25/raw_splitted/labelsTs/1_2_840_113654_2_55_204028749933741873137927776174462982889.nii.gz,ok,1,0,1,,1,,1,0,True,True
test,1_2_840_113654_2_55_205357204711675633708651619677957521903,/opt/data/beegfs/Task023_LUNA25/raw_splitted/labelsTs/1_2_840_113654_2_55_205357204711675633708651619677957521903.json,/opt/data/beegfs/Task023_LUNA25/raw_splitted/labelsTs/1_2_840_113654_2_55_205357204711675633708651619677957521903.nii.gz,ok,1,0,1,,1,,1,0,True,True
test,1_2_840_113654_2_55_20667407199853065680874026933449718815,/opt/data/beegfs/Task023_LUNA25/raw_splitted/labelsTs/1_2_840_113654_2_55_20667407199853065680874026933449718815.json,/opt/data/beegfs/Task023_LUNA25/raw_splitted/labelsTs/1_2_840_113654_2_55_20667407199853065680874026933449718815.nii.gz,ok,2,0,1 2,,1 2,,2,0,True,True
test,1_2_840_113654_2_55_207305963401070351987403891391657707340,/opt/data/beegfs/Task023_LUNA25/raw_splitted/labelsTs/1_2_840_113654_2_55_207305963401070351987403891391657707340.json,/opt/data/beegfs/Task023_LUNA25/raw_splitted/labelsTs/1_2_840_113654_2_55_207305963401070351987403891391657707340.nii.gz,ok,1,0,1,,1,,1,0,True,True
test,1_2_840_113654_2_55_207612969275110567142642639983322290922,/opt/data/beegfs/Task023_LUNA25/raw_splitted/labelsTs/1_2_840_113654_2_55_207612969275110567142642639983322290922.json,/opt/data/beegfs/Task023_LUNA25/raw_splitted/labelsTs/1_2_840_113654_2_55_207612969275110567142642639983322290922.nii.gz,ok,1,0,1,,1,,1,0,True,True
test,1_2_840_113654_2_55_20838780965511030477040651322377342852,/opt/data/beegfs/Task023_LUNA25/raw_splitted/labelsTs/1_2_840_113654_2_55_20838780965511030477040651322377342852.json,/opt/data/beegfs/Task023_LUNA25/raw_splitted/labelsTs/1_2_840_113654_2_55_20838780965511030477040651322377342852.nii.gz,ok,2,0,1 2,,1 2,,2,0,True,True
test,1_2_840_113654_2_55_208501439729492081950794959385935618059,/opt/data/beegfs/Task023_LUNA25/raw_splitted/labelsTs/1_2_840_113654_2_55_208501439729492081950794959385935618059.json,/opt/data/beegfs/Task023_LUNA25/raw_splitted/labelsTs/1_2_840_113654_2_55_208501439729492081950794959385935618059.nii.gz,ok,6,0,1 2 3 4 5 6,,1 2 3 4 5 6,,6,0,True,True
test,1_2_840_113654_2_55_208658206492168514909817970189544298688,/opt/data/beegfs/Task023_LUNA25/raw_splitted/labelsTs/1_2_840_113654_2_55_208658206492168514909817970189544298688.json,/opt/data/beegfs/Task023_LUNA25/raw_splitted/labelsTs/1_2_840_113654_2_55_208658206492168514909817970189544298688.nii.gz,ok,2,0,1 2,,1 2,,2,0,True,True
test,1_2_840_113654_2_55_208869076354369940466987786222824744109,/opt/data/beegfs/Task023_LUNA25/raw_splitted/labelsTs/1_2_840_113654_2_55_208869076354369940466987786222824744109.json,/opt/data/beegfs/Task023_LUNA25/raw_splitted/labelsTs/1_2_840_113654_2_55_208869076354369940466987786222824744109.nii.gz,ok,1,0,1,,1,,1,0,True,True
test,1_2_840_113654_2_55_208961783607898881608894161918840426027,/opt/data/beegfs/Task023_LUNA25/raw_splitted/labelsTs/1_2_840_113654_2_55_208961783607898881608894161918840426027.json,/opt/data/beegfs/Task023_LUNA25/raw_splitted/labelsTs/1_2_840_113654_2_55_208961783607898881608894161918840426027.nii.gz,ok,1,0,1,,1,,1,0,True,True
test,1_2_840_113654_2_55_209570402986040323659216190995219010896,/opt/data/beegfs/Task023_LUNA25/raw_splitted/labelsTs/1_2_840_113654_2_55_209570402986040323659216190995219010896.json,/opt/data/beegfs/Task023_LUNA25/raw_splitted/labelsTs/1_2_840_113654_2_55_209570402986040323659216190995219010896.nii.gz,ok,3,0,1 2 3,,1 2 3,,3,0,True,True
test,1_2_840_113654_2_55_211017042681304983445734349899474085440,/opt/data/beegfs/Task023_LUNA25/raw_splitted/labelsTs/1_2_840_113654_2_55_211017042681304983445734349899474085440.json,/opt/data/beegfs/Task023_LUNA25/raw_splitted/labelsTs/1_2_840_113654_2_55_211017042681304983445734349899474085440.nii.gz,ok,1,0,1,,1,,1,0,True,True
test,1_2_840_113654_2_55_211061844061257583267255198314639771160,/opt/data/beegfs/Task023_LUNA25/raw_splitted/labelsTs/1_2_840_113654_2_55_211061844061257583267255198314639771160.json,/opt/data/beegfs/Task023_LUNA25/raw_splitted/labelsTs/1_2_840_113654_2_55_211061844061257583267255198314639771160.nii.gz,ok,2,0,1 2,,1 2,,2,0,True,True
test,1_2_840_113654_2_55_211215682120178259913854983216589943670,/opt/data/beegfs/Task023_LUNA25/raw_splitted/labelsTs/1_2_840_113654_2_55_211215682120178259913854983216589943670.json,/opt/data/beegfs/Task023_LUNA25/raw_splitted/labelsTs/1_2_840_113654_2_55_211215682120178259913854983216589943670.nii.gz,ok,2,0,1 2,,1 2,,2,0,True,True
test,1_2_840_113654_2_55_211447421644214596960059893282976014671,/opt/data/beegfs/Task023_LUNA25/raw_splitted/labelsTs/1_2_840_113654_2_55_211447421644214596960059893282976014671.json,/opt/data/beegfs/Task023_LUNA25/raw_splitted/labelsTs/1_2_840_113654_2_55_211447421644214596960059893282976014671.nii.gz,ok,1,0,1,,1,,1,0,True,True
test,1_2_840_113654_2_55_212442286780905588649418707431314763021,/opt/data/beegfs/Task023_LUNA25/raw_splitted/labelsTs/1_2_840_113654_2_55_212442286780905588649418707431314763021.json,/opt/data/beegfs/Task023_LUNA25/raw_splitted/labelsTs/1_2_840_113654_2_55_212442286780905588649418707431314763021.nii.gz,ok,1,0,1,,1,,1,0,True,True
test,1_2_840_113654_2_55_212854950912635612593128421496116544287,/opt/data/beegfs/Task023_LUNA25/raw_splitted/labelsTs/1_2_840_113654_2_55_212854950912635612593128421496116544287.json,/opt/data/beegfs/Task023_LUNA25/raw_splitted/labelsTs/1_2_840_113654_2_55_212854950912635612593128421496116544287.nii.gz,ok,1,0,1,,1,,1,0,True,True
test,1_2_840_113654_2_55_213980682370963174897122128594833064086,/opt/data/beegfs/Task023_LUNA25/raw_splitted/labelsTs/1_2_840_113654_2_55_213980682370963174897122128594833064086.json,/opt/data/beegfs/Task023_LUNA25/raw_splitted/labelsTs/1_2_840_113654_2_55_213980682370963174897122128594833064086.nii.gz,ok,2,0,1 2,,1 2,,2,0,True,True
test,1_2_840_113654_2_55_214294488119366332764804691925580746415,/opt/data/beegfs/Task023_LUNA25/raw_splitted/labelsTs/1_2_840_113654_2_55_214294488119366332764804691925580746415.json,/opt/data/beegfs/Task023_LUNA25/raw_splitted/labelsTs/1_2_840_113654_2_55_214294488119366332764804691925580746415.nii.gz,ok,1,0,1,,1,,1,0,True,True
test,1_2_840_113654_2_55_214507427258856342030051653305995868983,/opt/data/beegfs/Task023_LUNA25/raw_splitted/labelsTs/1_2_840_113654_2_55_214507427258856342030051653305995868983.json,/opt/data/beegfs/Task023_LUNA25/raw_splitted/labelsTs/1_2_840_113654_2_55_214507427258856342030051653305995868983.nii.gz,ok,1,0,1,,1,,1,0,True,True
test,1_2_840_113654_2_55_214676897869458663414892479674814933218,/opt/data/beegfs/Task023_LUNA25/raw_splitted/labelsTs/1_2_840_113654_2_55_214676897869458663414892479674814933218.json,/opt/data/beegfs/Task023_LUNA25/raw_splitted/labelsTs/1_2_840_113654_2_55_214676897869458663414892479674814933218.nii.gz,ok,1,0,1,,1,,1,0,True,True
test,1_2_840_113654_2_55_214812330188436922070216338590972586702,/opt/data/beegfs/Task023_LUNA25/raw_splitted/labelsTs/1_2_840_113654_2_55_214812330188436922070216338590972586702.json,/opt/data/beegfs/Task023_LUNA25/raw_splitted/labelsTs/1_2_840_113654_2_55_214812330188436922070216338590972586702.nii.gz,ok,3,0,1 2 3,,1 2 3,,3,0,True,True
test,1_2_840_113654_2_55_214907066553227968642200375273652128637,/opt/data/beegfs/Task023_LUNA25/raw_splitted/labelsTs/1_2_840_113654_2_55_214907066553227968642200375273652128637.json,/opt/data/beegfs/Task023_LUNA25/raw_splitted/labelsTs/1_2_840_113654_2_55_214907066553227968642200375273652128637.nii.gz,ok,1,0,1,,1,,1,0,True,True
test,1_2_840_113654_2_55_215722073174618503298439390725767169219,/opt/data/beegfs/Task023_LUNA25/raw_splitted/labelsTs/1_2_840_113654_2_55_215722073174618503298439390725767169219.json,/opt/data/beegfs/Task023_LUNA25/raw_splitted/labelsTs/1_2_840_113654_2_55_215722073174618503298439390725767169219.nii.gz,ok,4,0,1 2 3 4,,1 2 3 4,,4,0,True,True
test,1_2_840_113654_2_55_217339327628719034438610403076674856940,/opt/data/beegfs/Task023_LUNA25/raw_splitted/labelsTs/1_2_840_113654_2_55_217339327628719034438610403076674856940.json,/opt/data/beegfs/Task023_LUNA25/raw_splitted/labelsTs/1_2_840_113654_2_55_217339327628719034438610403076674856940.nii.gz,ok,1,0,1,,1,,1,0,True,True
test,1_2_840_113654_2_55_217936135143492022181136506593610904129,/opt/data/beegfs/Task023_LUNA25/raw_splitted/labelsTs/1_2_840_113654_2_55_217936135143492022181136506593610904129.json,/opt/data/beegfs/Task023_LUNA25/raw_splitted/labelsTs/1_2_840_113654_2_55_217936135143492022181136506593610904129.nii.gz,ok,2,0,1 2,,1 2,,2,0,True,True
test,1_2_840_113654_2_55_218076089818363391288768734734588936128,/opt/data/beegfs/Task023_LUNA25/raw_splitted/labelsTs/1_2_840_113654_2_55_218076089818363391288768734734588936128.json,/opt/data/beegfs/Task023_LUNA25/raw_splitted/labelsTs/1_2_840_113654_2_55_218076089818363391288768734734588936128.nii.gz,ok,1,0,1,,1,,1,0,True,True
test,1_2_840_113654_2_55_22084245517968704647300402362399724489,/opt/data/beegfs/Task023_LUNA25/raw_splitted/labelsTs/1_2_840_113654_2_55_22084245517968704647300402362399724489.json,/opt/data/beegfs/Task023_LUNA25/raw_splitted/labelsTs/1_2_840_113654_2_55_22084245517968704647300402362399724489.nii.gz,ok,1,0,1,,1,,1,0,True,True
test,1_2_840_113654_2_55_220981293353960453785189675345887361174,/opt/data/beegfs/Task023_LUNA25/raw_splitted/labelsTs/1_2_840_113654_2_55_220981293353960453785189675345887361174.json,/opt/data/beegfs/Task023_LUNA25/raw_splitted/labelsTs/1_2_840_113654_2_55_220981293353960453785189675345887361174.nii.gz,ok,2,0,1 2,,1 2,,2,0,True,True
test,1_2_840_113654_2_55_221067730035847863860146563439107273788,/opt/data/beegfs/Task023_LUNA25/raw_splitted/labelsTs/1_2_840_113654_2_55_221067730035847863860146563439107273788.json,/opt/data/beegfs/Task023_LUNA25/raw_splitted/labelsTs/1_2_840_113654_2_55_221067730035847863860146563439107273788.nii.gz,ok,1,0,1,,1,,1,0,True,True
test,1_2_840_113654_2_55_224731045035078993804276283984198453268,/opt/data/beegfs/Task023_LUNA25/raw_splitted/labelsTs/1_2_840_113654_2_55_224731045035078993804276283984198453268.json,/opt/data/beegfs/Task023_LUNA25/raw_splitted/labelsTs/1_2_840_113654_2_55_224731045035078993804276283984198453268.nii.gz,ok,1,0,1,,1,,1,0,True,True
test,1_2_840_113654_2_55_224777532125761784480895292903697176573,/opt/data/beegfs/Task023_LUNA25/raw_splitted/labelsTs/1_2_840_113654_2_55_224777532125761784480895292903697176573.json,/opt/data/beegfs/Task023_LUNA25/raw_splitted/labelsTs/1_2_840_113654_2_55_224777532125761784480895292903697176573.nii.gz,ok,1,0,1,,1,,1,0,True,True
test,1_2_840_113654_2_55_224870333230337203717989642199673145562,/opt/data/beegfs/Task023_LUNA25/raw_splitted/labelsTs/1_2_840_113654_2_55_224870333230337203717989642199673145562.json,/opt/data/beegfs/Task023_LUNA25/raw_splitted/labelsTs/1_2_840_113654_2_55_224870333230337203717989642199673145562.nii.gz,ok,1,0,1,,1,,1,0,True,True
test,1_2_840_113654_2_55_225085001939525820364477836952557694360,/opt/data/beegfs/Task023_LUNA25/raw_splitted/labelsTs/1_2_840_113654_2_55_225085001939525820364477836952557694360.json,/opt/data/beegfs/Task023_LUNA25/raw_splitted/labelsTs/1_2_840_113654_2_55_225085001939525820364477836952557694360.nii.gz,ok,1,0,1,,1,,1,0,True,True
test,1_2_840_113654_2_55_225162680304753753170799246597922594537,/opt/data/beegfs/Task023_LUNA25/raw_splitted/labelsTs/1_2_840_113654_2_55_225162680304753753170799246597922594537.json,/opt/data/beegfs/Task023_LUNA25/raw_splitted/labelsTs/1_2_840_113654_2_55_225162680304753753170799246597922594537.nii.gz,ok,1,0,1,,1,,1,0,True,True
test,1_2_840_113654_2_55_225387375575185250086190389023316790712,/opt/data/beegfs/Task023_LUNA25/raw_splitted/labelsTs/1_2_840_113654_2_55_225387375575185250086190389023316790712.json,/opt/data/beegfs/Task023_LUNA25/raw_splitted/labelsTs/1_2_840_113654_2_55_225387375575185250086190389023316790712.nii.gz,ok,1,0,1,,1,,1,0,True,True
test,1_2_840_113654_2_55_225628055780194009168639007542874871421,/opt/data/beegfs/Task023_LUNA25/raw_splitted/labelsTs/1_2_840_113654_2_55_225628055780194009168639007542874871421.json,/opt/data/beegfs/Task023_LUNA25/raw_splitted/labelsTs/1_2_840_113654_2_55_225628055780194009168639007542874871421.nii.gz,ok,1,0,1,,1,,1,0,True,True
test,1_2_840_113654_2_55_225696489069807918091925883270800581133,/opt/data/beegfs/Task023_LUNA25/raw_splitted/labelsTs/1_2_840_113654_2_55_225696489069807918091925883270800581133.json,/opt/data/beegfs/Task023_LUNA25/raw_splitted/labelsTs/1_2_840_113654_2_55_225696489069807918091925883270800581133.nii.gz,ok,2,0,1 2,,1 2,,2,0,True,True
test,1_2_840_113654_2_55_226702246620149944950378721001694303956,/opt/data/beegfs/Task023_LUNA25/raw_splitted/labelsTs/1_2_840_113654_2_55_226702246620149944950378721001694303956.json,/opt/data/beegfs/Task023_LUNA25/raw_splitted/labelsTs/1_2_840_113654_2_55_226702246620149944950378721001694303956.nii.gz,ok,3,0,1 2 3,,1 2 3,,3,0,True,True
test,1_2_840_113654_2_55_226765818028939940333874799953609667018,/opt/data/beegfs/Task023_LUNA25/raw_splitted/labelsTs/1_2_840_113654_2_55_226765818028939940333874799953609667018.json,/opt/data/beegfs/Task023_LUNA25/raw_splitted/labelsTs/1_2_840_113654_2_55_226765818028939940333874799953609667018.nii.gz,ok,2,0,1 2,,1 2,,2,0,True,True
test,1_2_840_113654_2_55_227096334067175130239106931094993836503,/opt/data/beegfs/Task023_LUNA25/raw_splitted/labelsTs/1_2_840_113654_2_55_227096334067175130239106931094993836503.json,/opt/data/beegfs/Task023_LUNA25/raw_splitted/labelsTs/1_2_840_113654_2_55_227096334067175130239106931094993836503.nii.gz,ok,1,0,1,,1,,1,0,True,True
test,1_2_840_113654_2_55_22720048007098663985989154223759852742,/opt/data/beegfs/Task023_LUNA25/raw_splitted/labelsTs/1_2_840_113654_2_55_22720048007098663985989154223759852742.json,/opt/data/beegfs/Task023_LUNA25/raw_splitted/labelsTs/1_2_840_113654_2_55_22720048007098663985989154223759852742.nii.gz,ok,1,0,1,,1,,1,0,True,True
test,1_2_840_113654_2_55_227226903588334501528187177303546368845,/opt/data/beegfs/Task023_LUNA25/raw_splitted/labelsTs/1_2_840_113654_2_55_227226903588334501528187177303546368845.json,/opt/data/beegfs/Task023_LUNA25/raw_splitted/labelsTs/1_2_840_113654_2_55_227226903588334501528187177303546368845.nii.gz,ok,1,0,1,,1,,1,0,True,True
test,1_2_840_113654_2_55_228819213500439950432649534424439000747,/opt/data/beegfs/Task023_LUNA25/raw_splitted/labelsTs/1_2_840_113654_2_55_228819213500439950432649534424439000747.json,/opt/data/beegfs/Task023_LUNA25/raw_splitted/labelsTs/1_2_840_113654_2_55_228819213500439950432649534424439000747.nii.gz,ok,2,0,1 2,,1 2,,2,0,True,True
test,1_2_840_113654_2_55_229176704413485934994674111451774480662,/opt/data/beegfs/Task023_LUNA25/raw_splitted/labelsTs/1_2_840_113654_2_55_229176704413485934994674111451774480662.json,/opt/data/beegfs/Task023_LUNA25/raw_splitted/labelsTs/1_2_840_113654_2_55_229176704413485934994674111451774480662.nii.gz,ok,6,0,1 2 3 4 5 6,,1 2 3 4 5 6,,6,0,True,True
test,1_2_840_113654_2_55_229523728501256031972160240193493393635,/opt/data/beegfs/Task023_LUNA25/raw_splitted/labelsTs/1_2_840_113654_2_55_229523728501256031972160240193493393635.json,/opt/data/beegfs/Task023_LUNA25/raw_splitted/labelsTs/1_2_840_113654_2_55_229523728501256031972160240193493393635.nii.gz,ok,2,0,1 2,,1 2,,2,0,True,True
test,1_2_840_113654_2_55_229682097312879037406825557404183151877,/opt/data/beegfs/Task023_LUNA25/raw_splitted/labelsTs/1_2_840_113654_2_55_229682097312879037406825557404183151877.json,/opt/data/beegfs/Task023_LUNA25/raw_splitted/labelsTs/1_2_840_113654_2_55_229682097312879037406825557404183151877.nii.gz,ok,1,0,1,,1,,1,0,True,True
test,1_2_840_113654_2_55_2313175091817815424024073280235454581,/opt/data/beegfs/Task023_LUNA25/raw_splitted/labelsTs/1_2_840_113654_2_55_2313175091817815424024073280235454581.json,/opt/data/beegfs/Task023_LUNA25/raw_splitted/labelsTs/1_2_840_113654_2_55_2313175091817815424024073280235454581.nii.gz,ok,2,0,1 2,,1 2,,2,0,True,True
test,1_2_840_113654_2_55_232153201008171848003267552668879382557,/opt/data/beegfs/Task023_LUNA25/raw_splitted/labelsTs/1_2_840_113654_2_55_232153201008171848003267552668879382557.json,/opt/data/beegfs/Task023_LUNA25/raw_splitted/labelsTs/1_2_840_113654_2_55_232153201008171848003267552668879382557.nii.gz,ok,1,0,1,,1,,1,0,True,True
test,1_2_840_113654_2_55_232288864416581389115297686650673020891,/opt/data/beegfs/Task023_LUNA25/raw_splitted/labelsTs/1_2_840_113654_2_55_232288864416581389115297686650673020891.json,/opt/data/beegfs/Task023_LUNA25/raw_splitted/labelsTs/1_2_840_113654_2_55_232288864416581389115297686650673020891.nii.gz,ok,1,0,1,,1,,1,0,True,True
test,1_2_840_113654_2_55_232374409558563680169389546539409434955,/opt/data/beegfs/Task023_LUNA25/raw_splitted/labelsTs/1_2_840_113654_2_55_232374409558563680169389546539409434955.json,/opt/data/beegfs/Task023_LUNA25/raw_splitted/labelsTs/1_2_840_113654_2_55_232374409558563680169389546539409434955.nii.gz,ok,1,0,1,,1,,1,0,True,True
test,1_2_840_113654_2_55_232880284013184298994012794861919694054,/opt/data/beegfs/Task023_LUNA25/raw_splitted/labelsTs/1_2_840_113654_2_55_232880284013184298994012794861919694054.json,/opt/data/beegfs/Task023_LUNA25/raw_splitted/labelsTs/1_2_840_113654_2_55_232880284013184298994012794861919694054.nii.gz,ok,1,0,1,,1,,1,0,True,True
test,1_2_840_113654_2_55_233094037298601495008633979900860462398,/opt/data/beegfs/Task023_LUNA25/raw_splitted/labelsTs/1_2_840_113654_2_55_233094037298601495008633979900860462398.json,/opt/data/beegfs/Task023_LUNA25/raw_splitted/labelsTs/1_2_840_113654_2_55_233094037298601495008633979900860462398.nii.gz,ok,1,0,1,,1,,1,0,True,True
test,1_2_840_113654_2_55_234436245962533160208515180604554078366,/opt/data/beegfs/Task023_LUNA25/raw_splitted/labelsTs/1_2_840_113654_2_55_234436245962533160208515180604554078366.json,/opt/data/beegfs/Task023_LUNA25/raw_splitted/labelsTs/1_2_840_113654_2_55_234436245962533160208515180604554078366.nii.gz,ok,2,0,1 2,,1 2,,2,0,True,True
test,1_2_840_113654_2_55_235434125859738701116667949942838588734,/opt/data/beegfs/Task023_LUNA25/raw_splitted/labelsTs/1_2_840_113654_2_55_235434125859738701116667949942838588734.json,/opt/data/beegfs/Task023_LUNA25/raw_splitted/labelsTs/1_2_840_113654_2_55_235434125859738701116667949942838588734.nii.gz,ok,1,0,1,,1,,1,0,True,True
test,1_2_840_113654_2_55_236678366754731028560868551617726372730,/opt/data/beegfs/Task023_LUNA25/raw_splitted/labelsTs/1_2_840_113654_2_55_236678366754731028560868551617726372730.json,/opt/data/beegfs/Task023_LUNA25/raw_splitted/labelsTs/1_2_840_113654_2_55_236678366754731028560868551617726372730.nii.gz,ok,5,0,1 2 3 4 5,,1 2 3 4 5,,5,0,True,True
test,1_2_840_113654_2_55_237285981019752910277607067449609632988,/opt/data/beegfs/Task023_LUNA25/raw_splitted/labelsTs/1_2_840_113654_2_55_237285981019752910277607067449609632988.json,/opt/data/beegfs/Task023_LUNA25/raw_splitted/labelsTs/1_2_840_113654_2_55_237285981019752910277607067449609632988.nii.gz,ok,2,0,1 2,,1 2,,2,0,True,True
test,1_2_840_113654_2_55_237888372075744323567029493558312988868,/opt/data/beegfs/Task023_LUNA25/raw_splitted/labelsTs/1_2_840_113654_2_55_237888372075744323567029493558312988868.json,/opt/data/beegfs/Task023_LUNA25/raw_splitted/labelsTs/1_2_840_113654_2_55_237888372075744323567029493558312988868.nii.gz,ok,1,0,1,,1,,1,0,True,True
test,1_2_840_113654_2_55_237947335209814432930408476902577398286,/opt/data/beegfs/Task023_LUNA25/raw_splitted/labelsTs/1_2_840_113654_2_55_237947335209814432930408476902577398286.json,/opt/data/beegfs/Task023_LUNA25/raw_splitted/labelsTs/1_2_840_113654_2_55_237947335209814432930408476902577398286.nii.gz,ok,1,0,1,,1,,1,0,True,True
test,1_2_840_113654_2_55_237960690110058484772863830688636787055,/opt/data/beegfs/Task023_LUNA25/raw_splitted/labelsTs/1_2_840_113654_2_55_237960690110058484772863830688636787055.json,/opt/data/beegfs/Task023_LUNA25/raw_splitted/labelsTs/1_2_840_113654_2_55_237960690110058484772863830688636787055.nii.gz,ok,1,0,1,,1,,1,0,True,True
test,1_2_840_113654_2_55_238342329224122320452539295174558074956,/opt/data/beegfs/Task023_LUNA25/raw_splitted/labelsTs/1_2_840_113654_2_55_238342329224122320452539295174558074956.json,/opt/data/beegfs/Task023_LUNA25/raw_splitted/labelsTs/1_2_840_113654_2_55_238342329224122320452539295174558074956.nii.gz,ok,5,0,1 2 3 4 5,,1 2 3 4 5,,5,0,True,True
test,1_2_840_113654_2_55_238508649733626109379036925709190278929,/opt/data/beegfs/Task023_LUNA25/raw_splitted/labelsTs/1_2_840_113654_2_55_238508649733626109379036925709190278929.json,/opt/data/beegfs/Task023_LUNA25/raw_splitted/labelsTs/1_2_840_113654_2_55_238508649733626109379036925709190278929.nii.gz,ok,2,0,1 2,,1 2,,2,0,True,True
test,1_2_840_113654_2_55_238519687129394139924938635204494068809,/opt/data/beegfs/Task023_LUNA25/raw_splitted/labelsTs/1_2_840_113654_2_55_238519687129394139924938635204494068809.json,/opt/data/beegfs/Task023_LUNA25/raw_splitted/labelsTs/1_2_840_113654_2_55_238519687129394139924938635204494068809.nii.gz,ok,2,0,1 2,,1 2,,2,0,True,True
test,1_2_840_113654_2_55_238792245250261505206291975716647154460,/opt/data/beegfs/Task023_LUNA25/raw_splitted/labelsTs/1_2_840_113654_2_55_238792245250261505206291975716647154460.json,/opt/data/beegfs/Task023_LUNA25/raw_splitted/labelsTs/1_2_840_113654_2_55_238792245250261505206291975716647154460.nii.gz,ok,1,0,1,,1,,1,0,True,True
test,1_2_840_113654_2_55_238814541182280662161737112338918718341,/opt/data/beegfs/Task023_LUNA25/raw_splitted/labelsTs/1_2_840_113654_2_55_238814541182280662161737112338918718341.json,/opt/data/beegfs/Task023_LUNA25/raw_splitted/labelsTs/1_2_840_113654_2_55_238814541182280662161737112338918718341.nii.gz,ok,1,0,1,,1,,1,0,True,True
test,1_2_840_113654_2_55_239626450642739495070937445182337264181,/opt/data/beegfs/Task023_LUNA25/raw_splitted/labelsTs/1_2_840_113654_2_55_239626450642739495070937445182337264181.json,/opt/data/beegfs/Task023_LUNA25/raw_splitted/labelsTs/1_2_840_113654_2_55_239626450642739495070937445182337264181.nii.gz,ok,2,0,1 2,,1 2,,2,0,True,True
test,1_2_840_113654_2_55_239660688132171587167430215676523350253,/opt/data/beegfs/Task023_LUNA25/raw_splitted/labelsTs/1_2_840_113654_2_55_239660688132171587167430215676523350253.json,/opt/data/beegfs/Task023_LUNA25/raw_splitted/labelsTs/1_2_840_113654_2_55_239660688132171587167430215676523350253.nii.gz,ok,2,0,1 2,,1 2,,2,0,True,True
test,1_2_840_113654_2_55_240095821682659454965185694620421941559,/opt/data/beegfs/Task023_LUNA25/raw_splitted/labelsTs/1_2_840_113654_2_55_240095821682659454965185694620421941559.json,/opt/data/beegfs/Task023_LUNA25/raw_splitted/labelsTs/1_2_840_113654_2_55_240095821682659454965185694620421941559.nii.gz,ok,1,0,1,,1,,1,0,True,True
test,1_2_840_113654_2_55_240126144029613036091533485864183020780,/opt/data/beegfs/Task023_LUNA25/raw_splitted/labelsTs/1_2_840_113654_2_55_240126144029613036091533485864183020780.json,/opt/data/beegfs/Task023_LUNA25/raw_splitted/labelsTs/1_2_840_113654_2_55_240126144029613036091533485864183020780.nii.gz,ok,1,0,1,,1,,1,0,True,True
test,1_2_840_113654_2_55_240496187876358097977931873270255873391,/opt/data/beegfs/Task023_LUNA25/raw_splitted/labelsTs/1_2_840_113654_2_55_240496187876358097977931873270255873391.json,/opt/data/beegfs/Task023_LUNA25/raw_splitted/labelsTs/1_2_840_113654_2_55_240496187876358097977931873270255873391.nii.gz,ok,1,0,1,,1,,1,0,True,True
test,1_2_840_113654_2_55_241518518668131112947468601865560957057,/opt/data/beegfs/Task023_LUNA25/raw_splitted/labelsTs/1_2_840_113654_2_55_241518518668131112947468601865560957057.json,/opt/data/beegfs/Task023_LUNA25/raw_splitted/labelsTs/1_2_840_113654_2_55_241518518668131112947468601865560957057.nii.gz,ok,1,0,1,,1,,1,0,True,True
test,1_2_840_113654_2_55_241896961795146647721128681936717052455,/opt/data/beegfs/Task023_LUNA25/raw_splitted/labelsTs/1_2_840_113654_2_55_241896961795146647721128681936717052455.json,/opt/data/beegfs/Task023_LUNA25/raw_splitted/labelsTs/1_2_840_113654_2_55_241896961795146647721128681936717052455.nii.gz,ok,1,0,1,,1,,1,0,True,True
test,1_2_840_113654_2_55_245236297887395008995229495349278165595,/opt/data/beegfs/Task023_LUNA25/raw_splitted/labelsTs/1_2_840_113654_2_55_245236297887395008995229495349278165595.json,/opt/data/beegfs/Task023_LUNA25/raw_splitted/labelsTs/1_2_840_113654_2_55_245236297887395008995229495349278165595.nii.gz,ok,1,0,1,,1,,1,0,True,True
test,1_2_840_113654_2_55_245872397567416881782576246544772317801,/opt/data/beegfs/Task023_LUNA25/raw_splitted/labelsTs/1_2_840_113654_2_55_245872397567416881782576246544772317801.json,/opt/data/beegfs/Task023_LUNA25/raw_splitted/labelsTs/1_2_840_113654_2_55_245872397567416881782576246544772317801.nii.gz,ok,1,0,1,,1,,1,0,True,True
test,1_2_840_113654_2_55_245996847863544698086229480388958129255,/opt/data/beegfs/Task023_LUNA25/raw_splitted/labelsTs/1_2_840_113654_2_55_245996847863544698086229480388958129255.json,/opt/data/beegfs/Task023_LUNA25/raw_splitted/labelsTs/1_2_840_113654_2_55_245996847863544698086229480388958129255.nii.gz,ok,5,0,1 2 3 4 5,,1 2 3 4 5,,5,0,True,True
test,1_2_840_113654_2_55_246330844667494485709499469173633161785,/opt/data/beegfs/Task023_LUNA25/raw_splitted/labelsTs/1_2_840_113654_2_55_246330844667494485709499469173633161785.json,/opt/data/beegfs/Task023_LUNA25/raw_splitted/labelsTs/1_2_840_113654_2_55_246330844667494485709499469173633161785.nii.gz,ok,3,0,1 2 3,,1 2 3,,3,0,True,True
test,1_2_840_113654_2_55_246919996189624403138250540220487673227,/opt/data/beegfs/Task023_LUNA25/raw_splitted/labelsTs/1_2_840_113654_2_55_246919996189624403138250540220487673227.json,/opt/data/beegfs/Task023_LUNA25/raw_splitted/labelsTs/1_2_840_113654_2_55_246919996189624403138250540220487673227.nii.gz,ok,3,0,1 2 3,,1 2 3,,3,0,True,True
test,1_2_840_113654_2_55_246961904048066892833276798013040278041,/opt/data/beegfs/Task023_LUNA25/raw_splitted/labelsTs/1_2_840_113654_2_55_246961904048066892833276798013040278041.json,/opt/data/beegfs/Task023_LUNA25/raw_splitted/labelsTs/1_2_840_113654_2_55_246961904048066892833276798013040278041.nii.gz,ok,2,0,1 2,,1 2,,2,0,True,True
test,1_2_840_113654_2_55_247882119081546685628228431285165820941,/opt/data/beegfs/Task023_LUNA25/raw_splitted/labelsTs/1_2_840_113654_2_55_247882119081546685628228431285165820941.json,/opt/data/beegfs/Task023_LUNA25/raw_splitted/labelsTs/1_2_840_113654_2_55_247882119081546685628228431285165820941.nii.gz,ok,4,0,1 2 3 4,,1 2 3 4,,4,0,True,True
test,1_2_840_113654_2_55_24818913021221735265337902943042328543,/opt/data/beegfs/Task023_LUNA25/raw_splitted/labelsTs/1_2_840_113654_2_55_24818913021221735265337902943042328543.json,/opt/data/beegfs/Task023_LUNA25/raw_splitted/labelsTs/1_2_840_113654_2_55_24818913021221735265337902943042328543.nii.gz,ok,1,0,1,,1,,1,0,True,True
test,1_2_840_113654_2_55_248788994086350902233101328611855875186,/opt/data/beegfs/Task023_LUNA25/raw_splitted/labelsTs/1_2_840_113654_2_55_248788994086350902233101328611855875186.json,/opt/data/beegfs/Task023_LUNA25/raw_splitted/labelsTs/1_2_840_113654_2_55_248788994086350902233101328611855875186.nii.gz,ok,1,0,1,,1,,1,0,True,True
test,1_2_840_113654_2_55_249135885450489266204364754807780690224,/opt/data/beegfs/Task023_LUNA25/raw_splitted/labelsTs/1_2_840_113654_2_55_249135885450489266204364754807780690224.json,/opt/data/beegfs/Task023_LUNA25/raw_splitted/labelsTs/1_2_840_113654_2_55_249135885450489266204364754807780690224.nii.gz,ok,1,0,1,,1,,1,0,True,True
test,1_2_840_113654_2_55_249169762635854516646981918605313756643,/opt/data/beegfs/Task023_LUNA25/raw_splitted/labelsTs/1_2_840_113654_2_55_249169762635854516646981918605313756643.json,/opt/data/beegfs/Task023_LUNA25/raw_splitted/labelsTs/1_2_840_113654_2_55_249169762635854516646981918605313756643.nii.gz,ok,1,0,1,,1,,1,0,True,True
test,1_2_840_113654_2_55_249394496907611937924603391337879583163,/opt/data/beegfs/Task023_LUNA25/raw_splitted/labelsTs/1_2_840_113654_2_55_249394496907611937924603391337879583163.json,/opt/data/beegfs/Task023_LUNA25/raw_splitted/labelsTs/1_2_840_113654_2_55_249394496907611937924603391337879583163.nii.gz,ok,2,0,1 2,,1 2,,2,0,True,True
test,1_2_840_113654_2_55_249542710670298113750189901344704714769,/opt/data/beegfs/Task023_LUNA25/raw_splitted/labelsTs/1_2_840_113654_2_55_249542710670298113750189901344704714769.json,/opt/data/beegfs/Task023_LUNA25/raw_splitted/labelsTs/1_2_840_113654_2_55_249542710670298113750189901344704714769.nii.gz,ok,1,0,1,,1,,1,0,True,True
test,1_2_840_113654_2_55_249699298671783825553137507411476683302,/opt/data/beegfs/Task023_LUNA25/raw_splitted/labelsTs/1_2_840_113654_2_55_249699298671783825553137507411476683302.json,/opt/data/beegfs/Task023_LUNA25/raw_splitted/labelsTs/1_2_840_113654_2_55_249699298671783825553137507411476683302.nii.gz,ok,1,0,1,,1,,1,0,True,True
test,1_2_840_113654_2_55_249704926108265414078746367461571916556,/opt/data/beegfs/Task023_LUNA25/raw_splitted/labelsTs/1_2_840_113654_2_55_249704926108265414078746367461571916556.json,/opt/data/beegfs/Task023_LUNA25/raw_splitted/labelsTs/1_2_840_113654_2_55_249704926108265414078746367461571916556.nii.gz,ok,1,0,1,,1,,1,0,True,True
test,1_2_840_113654_2_55_249717334757344494383014838880917127565,/opt/data/beegfs/Task023_LUNA25/raw_splitted/labelsTs/1_2_840_113654_2_55_249717334757344494383014838880917127565.json,/opt/data/beegfs/Task023_LUNA25/raw_splitted/labelsTs/1_2_840_113654_2_55_249717334757344494383014838880917127565.nii.gz,ok,1,0,1,,1,,1,0,True,True
test,1_2_840_113654_2_55_249775027553482345461491983305730504010,/opt/data/beegfs/Task023_LUNA25/raw_splitted/labelsTs/1_2_840_113654_2_55_249775027553482345461491983305730504010.json,/opt/data/beegfs/Task023_LUNA25/raw_splitted/labelsTs/1_2_840_113654_2_55_249775027553482345461491983305730504010.nii.gz,ok,1,0,1,,1,,1,0,True,True
test,1_2_840_113654_2_55_250027519263187892708534119002839891949,/opt/data/beegfs/Task023_LUNA25/raw_splitted/labelsTs/1_2_840_113654_2_55_250027519263187892708534119002839891949.json,/opt/data/beegfs/Task023_LUNA25/raw_splitted/labelsTs/1_2_840_113654_2_55_250027519263187892708534119002839891949.nii.gz,ok,1,0,1,,1,,1,0,True,True
test,1_2_840_113654_2_55_250437955387367371192824233603214777020,/opt/data/beegfs/Task023_LUNA25/raw_splitted/labelsTs/1_2_840_113654_2_55_250437955387367371192824233603214777020.json,/opt/data/beegfs/Task023_LUNA25/raw_splitted/labelsTs/1_2_840_113654_2_55_250437955387367371192824233603214777020.nii.gz,ok,2,0,1 2,,1 2,,2,0,True,True
test,1_2_840_113654_2_55_251058821903225697912246960664422695293,/opt/data/beegfs/Task023_LUNA25/raw_splitted/labelsTs/1_2_840_113654_2_55_251058821903225697912246960664422695293.json,/opt/data/beegfs/Task023_LUNA25/raw_splitted/labelsTs/1_2_840_113654_2_55_251058821903225697912246960664422695293.nii.gz,ok,1,0,1,,1,,1,0,True,True
test,1_2_840_113654_2_55_25134637499606264950192234769873111384,/opt/data/beegfs/Task023_LUNA25/raw_splitted/labelsTs/1_2_840_113654_2_55_25134637499606264950192234769873111384.json,/opt/data/beegfs/Task023_LUNA25/raw_splitted/labelsTs/1_2_840_113654_2_55_25134637499606264950192234769873111384.nii.gz,ok,5,0,1 2 3 4 5,,1 2 3 4 5,,5,0,True,True
test,1_2_840_113654_2_55_252427485241739821662505965815628339852,/opt/data/beegfs/Task023_LUNA25/raw_splitted/labelsTs/1_2_840_113654_2_55_252427485241739821662505965815628339852.json,/opt/data/beegfs/Task023_LUNA25/raw_splitted/labelsTs/1_2_840_113654_2_55_252427485241739821662505965815628339852.nii.gz,ok,1,0,1,,1,,1,0,True,True
test,1_2_840_113654_2_55_252757764599667860037914132897164282627,/opt/data/beegfs/Task023_LUNA25/raw_splitted/labelsTs/1_2_840_113654_2_55_252757764599667860037914132897164282627.json,/opt/data/beegfs/Task023_LUNA25/raw_splitted/labelsTs/1_2_840_113654_2_55_252757764599667860037914132897164282627.nii.gz,ok,4,0,1 2 3 4,,1 2 3 4,,4,0,True,True
test,1_2_840_113654_2_55_25291894637661356173736270977500261021,/opt/data/beegfs/Task023_LUNA25/raw_splitted/labelsTs/1_2_840_113654_2_55_25291894637661356173736270977500261021.json,/opt/data/beegfs/Task023_LUNA25/raw_splitted/labelsTs/1_2_840_113654_2_55_25291894637661356173736270977500261021.nii.gz,ok,1,0,1,,1,,1,0,True,True
test,1_2_840_113654_2_55_253297109059329238320444636196001275518,/opt/data/beegfs/Task023_LUNA25/raw_splitted/labelsTs/1_2_840_113654_2_55_253297109059329238320444636196001275518.json,/opt/data/beegfs/Task023_LUNA25/raw_splitted/labelsTs/1_2_840_113654_2_55_253297109059329238320444636196001275518.nii.gz,ok,1,0,1,,1,,1,0,True,True
test,1_2_840_113654_2_55_254106783980168374949453073202287005112,/opt/data/beegfs/Task023_LUNA25/raw_splitted/labelsTs/1_2_840_113654_2_55_254106783980168374949453073202287005112.json,/opt/data/beegfs/Task023_LUNA25/raw_splitted/labelsTs/1_2_840_113654_2_55_254106783980168374949453073202287005112.nii.gz,ok,1,0,1,,1,,1,0,True,True
test,1_2_840_113654_2_55_255084707725560048451180071115012192195,/opt/data/beegfs/Task023_LUNA25/raw_splitted/labelsTs/1_2_840_113654_2_55_255084707725560048451180071115012192195.json,/opt/data/beegfs/Task023_LUNA25/raw_splitted/labelsTs/1_2_840_113654_2_55_255084707725560048451180071115012192195.nii.gz,ok,2,0,1 2,,1 2,,2,0,True,True
test,1_2_840_113654_2_55_25574518589156764219245974704497825996,/opt/data/beegfs/Task023_LUNA25/raw_splitted/labelsTs/1_2_840_113654_2_55_25574518589156764219245974704497825996.json,/opt/data/beegfs/Task023_LUNA25/raw_splitted/labelsTs/1_2_840_113654_2_55_25574518589156764219245974704497825996.nii.gz,ok,1,0,1,,1,,1,0,True,True
test,1_2_840_113654_2_55_255945960216212222461281104862288136356,/opt/data/beegfs/Task023_LUNA25/raw_splitted/labelsTs/1_2_840_113654_2_55_255945960216212222461281104862288136356.json,/opt/data/beegfs/Task023_LUNA25/raw_splitted/labelsTs/1_2_840_113654_2_55_255945960216212222461281104862288136356.nii.gz,ok,1,0,1,,1,,1,0,True,True
test,1_2_840_113654_2_55_256186142898711312812647650456041322886,/opt/data/beegfs/Task023_LUNA25/raw_splitted/labelsTs/1_2_840_113654_2_55_256186142898711312812647650456041322886.json,/opt/data/beegfs/Task023_LUNA25/raw_splitted/labelsTs/1_2_840_113654_2_55_256186142898711312812647650456041322886.nii.gz,ok,1,0,1,,1,,1,0,True,True
test,1_2_840_113654_2_55_256376597525341618389739551201096640480,/opt/data/beegfs/Task023_LUNA25/raw_splitted/labelsTs/1_2_840_113654_2_55_256376597525341618389739551201096640480.json,/opt/data/beegfs/Task023_LUNA25/raw_splitted/labelsTs/1_2_840_113654_2_55_256376597525341618389739551201096640480.nii.gz,ok,2,0,1 2,,1 2,,2,0,True,True
test,1_2_840_113654_2_55_256500914213480813084068177528815579257,/opt/data/beegfs/Task023_LUNA25/raw_splitted/labelsTs/1_2_840_113654_2_55_256500914213480813084068177528815579257.json,/opt/data/beegfs/Task023_LUNA25/raw_splitted/labelsTs/1_2_840_113654_2_55_256500914213480813084068177528815579257.nii.gz,ok,1,0,1,,1,,1,0,True,True
test,1_2_840_113654_2_55_256595252004302709130253393631514229179,/opt/data/beegfs/Task023_LUNA25/raw_splitted/labelsTs/1_2_840_113654_2_55_256595252004302709130253393631514229179.json,/opt/data/beegfs/Task023_LUNA25/raw_splitted/labelsTs/1_2_840_113654_2_55_256595252004302709130253393631514229179.nii.gz,ok,1,0,1,,1,,1,0,True,True
test,1_2_840_113654_2_55_257132376499455405565439326845316286007,/opt/data/beegfs/Task023_LUNA25/raw_splitted/labelsTs/1_2_840_113654_2_55_257132376499455405565439326845316286007.json,/opt/data/beegfs/Task023_LUNA25/raw_splitted/labelsTs/1_2_840_113654_2_55_257132376499455405565439326845316286007.nii.gz,ok,2,0,1 2,,1 2,,2,0,True,True
test,1_2_840_113654_2_55_257416692801824567109770633434577562863,/opt/data/beegfs/Task023_LUNA25/raw_splitted/labelsTs/1_2_840_113654_2_55_257416692801824567109770633434577562863.json,/opt/data/beegfs/Task023_LUNA25/raw_splitted/labelsTs/1_2_840_113654_2_55_257416692801824567109770633434577562863.nii.gz,ok,1,0,1,,1,,1,0,True,True
test,1_2_840_113654_2_55_259160524267739042288388860344495010120,/opt/data/beegfs/Task023_LUNA25/raw_splitted/labelsTs/1_2_840_113654_2_55_259160524267739042288388860344495010120.json,/opt/data/beegfs/Task023_LUNA25/raw_splitted/labelsTs/1_2_840_113654_2_55_259160524267739042288388860344495010120.nii.gz,ok,3,0,1 2 3,,1 2 3,,3,0,True,True
test,1_2_840_113654_2_55_260156255858064409054854966153493376737,/opt/data/beegfs/Task023_LUNA25/raw_splitted/labelsTs/1_2_840_113654_2_55_260156255858064409054854966153493376737.json,/opt/data/beegfs/Task023_LUNA25/raw_splitted/labelsTs/1_2_840_113654_2_55_260156255858064409054854966153493376737.nii.gz,ok,2,0,1 2,,1 2,,2,0,True,True
test,1_2_840_113654_2_55_261574503797213869314392805762561343844,/opt/data/beegfs/Task023_LUNA25/raw_splitted/labelsTs/1_2_840_113654_2_55_261574503797213869314392805762561343844.json,/opt/data/beegfs/Task023_LUNA25/raw_splitted/labelsTs/1_2_840_113654_2_55_261574503797213869314392805762561343844.nii.gz,ok,1,0,1,,1,,1,0,True,True
test,1_2_840_113654_2_55_261705232794275424005636400588385799952,/opt/data/beegfs/Task023_LUNA25/raw_splitted/labelsTs/1_2_840_113654_2_55_261705232794275424005636400588385799952.json,/opt/data/beegfs/Task023_LUNA25/raw_splitted/labelsTs/1_2_840_113654_2_55_261705232794275424005636400588385799952.nii.gz,ok,1,0,1,,1,,1,0,True,True
test,1_2_840_113654_2_55_262223690621631333351222351391321498532,/opt/data/beegfs/Task023_LUNA25/raw_splitted/labelsTs/1_2_840_113654_2_55_262223690621631333351222351391321498532.json,/opt/data/beegfs/Task023_LUNA25/raw_splitted/labelsTs/1_2_840_113654_2_55_262223690621631333351222351391321498532.nii.gz,ok,2,0,1 2,,1 2,,2,0,True,True
test,1_2_840_113654_2_55_263869188718163620084435357673083842286,/opt/data/beegfs/Task023_LUNA25/raw_splitted/labelsTs/1_2_840_113654_2_55_263869188718163620084435357673083842286.json,/opt/data/beegfs/Task023_LUNA25/raw_splitted/labelsTs/1_2_840_113654_2_55_263869188718163620084435357673083842286.nii.gz,ok,2,0,1 2,,1 2,,2,0,True,True
test,1_2_840_113654_2_55_264971750914864843932994786098965072515,/opt/data/beegfs/Task023_LUNA25/raw_splitted/labelsTs/1_2_840_113654_2_55_264971750914864843932994786098965072515.json,/opt/data/beegfs/Task023_LUNA25/raw_splitted/labelsTs/1_2_840_113654_2_55_264971750914864843932994786098965072515.nii.gz,ok,1,0,1,,1,,1,0,True,True
test,1_2_840_113654_2_55_265189931212621229330973079529571522824,/opt/data/beegfs/Task023_LUNA25/raw_splitted/labelsTs/1_2_840_113654_2_55_265189931212621229330973079529571522824.json,/opt/data/beegfs/Task023_LUNA25/raw_splitted/labelsTs/1_2_840_113654_2_55_265189931212621229330973079529571522824.nii.gz,ok,1,0,1,,1,,1,0,True,True
test,1_2_840_113654_2_55_265914426734804337492165955541058184163,/opt/data/beegfs/Task023_LUNA25/raw_splitted/labelsTs/1_2_840_113654_2_55_265914426734804337492165955541058184163.json,/opt/data/beegfs/Task023_LUNA25/raw_splitted/labelsTs/1_2_840_113654_2_55_265914426734804337492165955541058184163.nii.gz,ok,2,0,1 2,,1 2,,2,0,True,True
test,1_2_840_113654_2_55_266211726750988176122307027555238090653,/opt/data/beegfs/Task023_LUNA25/raw_splitted/labelsTs/1_2_840_113654_2_55_266211726750988176122307027555238090653.json,/opt/data/beegfs/Task023_LUNA25/raw_splitted/labelsTs/1_2_840_113654_2_55_266211726750988176122307027555238090653.nii.gz,ok,1,0,1,,1,,1,0,True,True
test,1_2_840_113654_2_55_266222633902167527090279976790877119055,/opt/data/beegfs/Task023_LUNA25/raw_splitted/labelsTs/1_2_840_113654_2_55_266222633902167527090279976790877119055.json,/opt/data/beegfs/Task023_LUNA25/raw_splitted/labelsTs/1_2_840_113654_2_55_266222633902167527090279976790877119055.nii.gz,ok,1,0,1,,1,,1,0,True,True
test,1_2_840_113654_2_55_266878597881381166627251152323196806743,/opt/data/beegfs/Task023_LUNA25/raw_splitted/labelsTs/1_2_840_113654_2_55_266878597881381166627251152323196806743.json,/opt/data/beegfs/Task023_LUNA25/raw_splitted/labelsTs/1_2_840_113654_2_55_266878597881381166627251152323196806743.nii.gz,ok,1,0,1,,1,,1,0,True,True
test,1_2_840_113654_2_55_267203876998800619621621092575515491359,/opt/data/beegfs/Task023_LUNA25/raw_splitted/labelsTs/1_2_840_113654_2_55_267203876998800619621621092575515491359.json,/opt/data/beegfs/Task023_LUNA25/raw_splitted/labelsTs/1_2_840_113654_2_55_267203876998800619621621092575515491359.nii.gz,ok,3,0,1 2 3,,1 2 3,,3,0,True,True
test,1_2_840_113654_2_55_267405923661583912743969371264375456051,/opt/data/beegfs/Task023_LUNA25/raw_splitted/labelsTs/1_2_840_113654_2_55_267405923661583912743969371264375456051.json,/opt/data/beegfs/Task023_LUNA25/raw_splitted/labelsTs/1_2_840_113654_2_55_267405923661583912743969371264375456051.nii.gz,ok,1,0,1,,1,,1,0,True,True
test,1_2_840_113654_2_55_26825954605280075784947941541274531923,/opt/data/beegfs/Task023_LUNA25/raw_splitted/labelsTs/1_2_840_113654_2_55_26825954605280075784947941541274531923.json,/opt/data/beegfs/Task023_LUNA25/raw_splitted/labelsTs/1_2_840_113654_2_55_26825954605280075784947941541274531923.nii.gz,ok,3,0,1 2 3,,1 2 3,,3,0,True,True
test,1_2_840_113654_2_55_269574267640845106441651809304850677114,/opt/data/beegfs/Task023_LUNA25/raw_splitted/labelsTs/1_2_840_113654_2_55_269574267640845106441651809304850677114.json,/opt/data/beegfs/Task023_LUNA25/raw_splitted/labelsTs/1_2_840_113654_2_55_269574267640845106441651809304850677114.nii.gz,ok,1,0,1,,1,,1,0,True,True
test,1_2_840_113654_2_55_270329568325686027900107509423200710331,/opt/data/beegfs/Task023_LUNA25/raw_splitted/labelsTs/1_2_840_113654_2_55_270329568325686027900107509423200710331.json,/opt/data/beegfs/Task023_LUNA25/raw_splitted/labelsTs/1_2_840_113654_2_55_270329568325686027900107509423200710331.nii.gz,ok,1,0,1,,1,,1,0,True,True
test,1_2_840_113654_2_55_271962205305139030785814137972470102564,/opt/data/beegfs/Task023_LUNA25/raw_splitted/labelsTs/1_2_840_113654_2_55_271962205305139030785814137972470102564.json,/opt/data/beegfs/Task023_LUNA25/raw_splitted/labelsTs/1_2_840_113654_2_55_271962205305139030785814137972470102564.nii.gz,ok,2,0,1 2,,1 2,,2,0,True,True
test,1_2_840_113654_2_55_272219013260195585011687181987952990387,/opt/data/beegfs/Task023_LUNA25/raw_splitted/labelsTs/1_2_840_113654_2_55_272219013260195585011687181987952990387.json,/opt/data/beegfs/Task023_LUNA25/raw_splitted/labelsTs/1_2_840_113654_2_55_272219013260195585011687181987952990387.nii.gz,ok,2,0,1 2,,1 2,,2,0,True,True
test,1_2_840_113654_2_55_274921135622693594765139344139542538930,/opt/data/beegfs/Task023_LUNA25/raw_splitted/labelsTs/1_2_840_113654_2_55_274921135622693594765139344139542538930.json,/opt/data/beegfs/Task023_LUNA25/raw_splitted/labelsTs/1_2_840_113654_2_55_274921135622693594765139344139542538930.nii.gz,ok,2,0,1 2,,1 2,,2,0,True,True
test,1_2_840_113654_2_55_275115475630765197860373822385586226502,/opt/data/beegfs/Task023_LUNA25/raw_splitted/labelsTs/1_2_840_113654_2_55_275115475630765197860373822385586226502.json,/opt/data/beegfs/Task023_LUNA25/raw_splitted/labelsTs/1_2_840_113654_2_55_275115475630765197860373822385586226502.nii.gz,ok,1,0,1,,1,,1,0,True,True
test,1_2_840_113654_2_55_275491493066008531267648236056698873283,/opt/data/beegfs/Task023_LUNA25/raw_splitted/labelsTs/1_2_840_113654_2_55_275491493066008531267648236056698873283.json,/opt/data/beegfs/Task023_LUNA25/raw_splitted/labelsTs/1_2_840_113654_2_55_275491493066008531267648236056698873283.nii.gz,ok,2,0,1 2,,1 2,,2,0,True,True
test,1_2_840_113654_2_55_27735463375203429660686428563708466816,/opt/data/beegfs/Task023_LUNA25/raw_splitted/labelsTs/1_2_840_113654_2_55_27735463375203429660686428563708466816.json,/opt/data/beegfs/Task023_LUNA25/raw_splitted/labelsTs/1_2_840_113654_2_55_27735463375203429660686428563708466816.nii.gz,ok,1,0,1,,1,,1,0,True,True
test,1_2_840_113654_2_55_27751611743162259087216493961974049704,/opt/data/beegfs/Task023_LUNA25/raw_splitted/labelsTs/1_2_840_113654_2_55_27751611743162259087216493961974049704.json,/opt/data/beegfs/Task023_LUNA25/raw_splitted/labelsTs/1_2_840_113654_2_55_27751611743162259087216493961974049704.nii.gz,ok,1,0,1,,1,,1,0,True,True
test,1_2_840_113654_2_55_277659180186451242612228009069842307552,/opt/data/beegfs/Task023_LUNA25/raw_splitted/labelsTs/1_2_840_113654_2_55_277659180186451242612228009069842307552.json,/opt/data/beegfs/Task023_LUNA25/raw_splitted/labelsTs/1_2_840_113654_2_55_277659180186451242612228009069842307552.nii.gz,ok,3,0,1 2 3,,1 2 3,,3,0,True,True
test,1_2_840_113654_2_55_277795801957990062568285252270895384284,/opt/data/beegfs/Task023_LUNA25/raw_splitted/labelsTs/1_2_840_113654_2_55_277795801957990062568285252270895384284.json,/opt/data/beegfs/Task023_LUNA25/raw_splitted/labelsTs/1_2_840_113654_2_55_277795801957990062568285252270895384284.nii.gz,ok,1,0,1,,1,,1,0,True,True
test,1_2_840_113654_2_55_277977939452055504537458782445267959800,/opt/data/beegfs/Task023_LUNA25/raw_splitted/labelsTs/1_2_840_113654_2_55_277977939452055504537458782445267959800.json,/opt/data/beegfs/Task023_LUNA25/raw_splitted/labelsTs/1_2_840_113654_2_55_277977939452055504537458782445267959800.nii.gz,ok,4,0,1 2 3 4,,1 2 3 4,,4,0,True,True
test,1_2_840_113654_2_55_281080920362120378452254791989144933591,/opt/data/beegfs/Task023_LUNA25/raw_splitted/labelsTs/1_2_840_113654_2_55_281080920362120378452254791989144933591.json,/opt/data/beegfs/Task023_LUNA25/raw_splitted/labelsTs/1_2_840_113654_2_55_281080920362120378452254791989144933591.nii.gz,ok,2,0,1 2,,1 2,,2,0,True,True
test,1_2_840_113654_2_55_281830784862850116853977282407476115680,/opt/data/beegfs/Task023_LUNA25/raw_splitted/labelsTs/1_2_840_113654_2_55_281830784862850116853977282407476115680.json,/opt/data/beegfs/Task023_LUNA25/raw_splitted/labelsTs/1_2_840_113654_2_55_281830784862850116853977282407476115680.nii.gz,ok,2,0,1 2,,1 2,,2,0,True,True
test,1_2_840_113654_2_55_281997731224858461210947682520499481725,/opt/data/beegfs/Task023_LUNA25/raw_splitted/labelsTs/1_2_840_113654_2_55_281997731224858461210947682520499481725.json,/opt/data/beegfs/Task023_LUNA25/raw_splitted/labelsTs/1_2_840_113654_2_55_281997731224858461210947682520499481725.nii.gz,ok,1,0,1,,1,,1,0,True,True
test,1_2_840_113654_2_55_28320832283231232859582610634226505017,/opt/data/beegfs/Task023_LUNA25/raw_splitted/labelsTs/1_2_840_113654_2_55_28320832283231232859582610634226505017.json,/opt/data/beegfs/Task023_LUNA25/raw_splitted/labelsTs/1_2_840_113654_2_55_28320832283231232859582610634226505017.nii.gz,ok,1,0,1,,1,,1,0,True,True
test,1_2_840_113654_2_55_284342979961351838670009203275261601154,/opt/data/beegfs/Task023_LUNA25/raw_splitted/labelsTs/1_2_840_113654_2_55_284342979961351838670009203275261601154.json,/opt/data/beegfs/Task023_LUNA25/raw_splitted/labelsTs/1_2_840_113654_2_55_284342979961351838670009203275261601154.nii.gz,ok,2,0,1 2,,1 2,,2,0,True,True
test,1_2_840_113654_2_55_284376813729676530371211421013352997568,/opt/data/beegfs/Task023_LUNA25/raw_splitted/labelsTs/1_2_840_113654_2_55_284376813729676530371211421013352997568.json,/opt/data/beegfs/Task023_LUNA25/raw_splitted/labelsTs/1_2_840_113654_2_55_284376813729676530371211421013352997568.nii.gz,ok,1,0,1,,1,,1,0,True,True
test,1_2_840_113654_2_55_284801064169402043560168784904701163796,/opt/data/beegfs/Task023_LUNA25/raw_splitted/labelsTs/1_2_840_113654_2_55_284801064169402043560168784904701163796.json,/opt/data/beegfs/Task023_LUNA25/raw_splitted/labelsTs/1_2_840_113654_2_55_284801064169402043560168784904701163796.nii.gz,ok,4,0,1 2 3 4,,1 2 3 4,,4,0,True,True
test,1_2_840_113654_2_55_284912143049501700787251538365868874430,/opt/data/beegfs/Task023_LUNA25/raw_splitted/labelsTs/1_2_840_113654_2_55_284912143049501700787251538365868874430.json,/opt/data/beegfs/Task023_LUNA25/raw_splitted/labelsTs/1_2_840_113654_2_55_284912143049501700787251538365868874430.nii.gz,ok,1,0,1,,1,,1,0,True,True
test,1_2_840_113654_2_55_286744607551564952478473337732475434346,/opt/data/beegfs/Task023_LUNA25/raw_splitted/labelsTs/1_2_840_113654_2_55_286744607551564952478473337732475434346.json,/opt/data/beegfs/Task023_LUNA25/raw_splitted/labelsTs/1_2_840_113654_2_55_286744607551564952478473337732475434346.nii.gz,ok,2,0,1 2,,1 2,,2,0,True,True
test,1_2_840_113654_2_55_287148172188721510246033256230280583940,/opt/data/beegfs/Task023_LUNA25/raw_splitted/labelsTs/1_2_840_113654_2_55_287148172188721510246033256230280583940.json,/opt/data/beegfs/Task023_LUNA25/raw_splitted/labelsTs/1_2_840_113654_2_55_287148172188721510246033256230280583940.nii.gz,ok,1,0,1,,1,,1,0,True,True
test,1_2_840_113654_2_55_287163762772067312861530767270038339282,/opt/data/beegfs/Task023_LUNA25/raw_splitted/labelsTs/1_2_840_113654_2_55_287163762772067312861530767270038339282.json,/opt/data/beegfs/Task023_LUNA25/raw_splitted/labelsTs/1_2_840_113654_2_55_287163762772067312861530767270038339282.nii.gz,ok,1,0,1,,1,,1,0,True,True
test,1_2_840_113654_2_55_287307703069303493390264113464884950509,/opt/data/beegfs/Task023_LUNA25/raw_splitted/labelsTs/1_2_840_113654_2_55_287307703069303493390264113464884950509.json,/opt/data/beegfs/Task023_LUNA25/raw_splitted/labelsTs/1_2_840_113654_2_55_287307703069303493390264113464884950509.nii.gz,ok,1,0,1,,1,,1,0,True,True
test,1_2_840_113654_2_55_287498794114927904350574426521217796968,/opt/data/beegfs/Task023_LUNA25/raw_splitted/labelsTs/1_2_840_113654_2_55_287498794114927904350574426521217796968.json,/opt/data/beegfs/Task023_LUNA25/raw_splitted/labelsTs/1_2_840_113654_2_55_287498794114927904350574426521217796968.nii.gz,ok,1,0,1,,1,,1,0,True,True
test,1_2_840_113654_2_55_287607006909398192847034730970536255677,/opt/data/beegfs/Task023_LUNA25/raw_splitted/labelsTs/1_2_840_113654_2_55_287607006909398192847034730970536255677.json,/opt/data/beegfs/Task023_LUNA25/raw_splitted/labelsTs/1_2_840_113654_2_55_287607006909398192847034730970536255677.nii.gz,ok,1,0,1,,1,,1,0,True,True
test,1_2_840_113654_2_55_288381150637216316560649986837809243175,/opt/data/beegfs/Task023_LUNA25/raw_splitted/labelsTs/1_2_840_113654_2_55_288381150637216316560649986837809243175.json,/opt/data/beegfs/Task023_LUNA25/raw_splitted/labelsTs/1_2_840_113654_2_55_288381150637216316560649986837809243175.nii.gz,ok,1,0,1,,1,,1,0,True,True
test,1_2_840_113654_2_55_288781442764421296657095195173292936859,/opt/data/beegfs/Task023_LUNA25/raw_splitted/labelsTs/1_2_840_113654_2_55_288781442764421296657095195173292936859.json,/opt/data/beegfs/Task023_LUNA25/raw_splitted/labelsTs/1_2_840_113654_2_55_288781442764421296657095195173292936859.nii.gz,ok,1,0,1,,1,,1,0,True,True
test,1_2_840_113654_2_55_289486494235276816895224969025845996397,/opt/data/beegfs/Task023_LUNA25/raw_splitted/labelsTs/1_2_840_113654_2_55_289486494235276816895224969025845996397.json,/opt/data/beegfs/Task023_LUNA25/raw_splitted/labelsTs/1_2_840_113654_2_55_289486494235276816895224969025845996397.nii.gz,ok,1,0,1,,1,,1,0,True,True
test,1_2_840_113654_2_55_289995122434573297219664837478928978011,/opt/data/beegfs/Task023_LUNA25/raw_splitted/labelsTs/1_2_840_113654_2_55_289995122434573297219664837478928978011.json,/opt/data/beegfs/Task023_LUNA25/raw_splitted/labelsTs/1_2_840_113654_2_55_289995122434573297219664837478928978011.nii.gz,ok,1,0,1,,1,,1,0,True,True
test,1_2_840_113654_2_55_290379149053100793017245960575176032682,/opt/data/beegfs/Task023_LUNA25/raw_splitted/labelsTs/1_2_840_113654_2_55_290379149053100793017245960575176032682.json,/opt/data/beegfs/Task023_LUNA25/raw_splitted/labelsTs/1_2_840_113654_2_55_290379149053100793017245960575176032682.nii.gz,ok,2,0,1 2,,1 2,,2,0,True,True
test,1_2_840_113654_2_55_290598568822579378356461987073168443603,/opt/data/beegfs/Task023_LUNA25/raw_splitted/labelsTs/1_2_840_113654_2_55_290598568822579378356461987073168443603.json,/opt/data/beegfs/Task023_LUNA25/raw_splitted/labelsTs/1_2_840_113654_2_55_290598568822579378356461987073168443603.nii.gz,ok,3,0,1 2 3,,1 2 3,,3,0,True,True
test,1_2_840_113654_2_55_291192393640642008056827074723110924920,/opt/data/beegfs/Task023_LUNA25/raw_splitted/labelsTs/1_2_840_113654_2_55_291192393640642008056827074723110924920.json,/opt/data/beegfs/Task023_LUNA25/raw_splitted/labelsTs/1_2_840_113654_2_55_291192393640642008056827074723110924920.nii.gz,ok,4,0,1 2 3 4,,1 2 3 4,,4,0,True,True
test,1_2_840_113654_2_55_29146781658167597796640543484959121079,/opt/data/beegfs/Task023_LUNA25/raw_splitted/labelsTs/1_2_840_113654_2_55_29146781658167597796640543484959121079.json,/opt/data/beegfs/Task023_LUNA25/raw_splitted/labelsTs/1_2_840_113654_2_55_29146781658167597796640543484959121079.nii.gz,ok,1,0,1,,1,,1,0,True,True
test,1_2_840_113654_2_55_291578601145698508116308094848844669462,/opt/data/beegfs/Task023_LUNA25/raw_splitted/labelsTs/1_2_840_113654_2_55_291578601145698508116308094848844669462.json,/opt/data/beegfs/Task023_LUNA25/raw_splitted/labelsTs/1_2_840_113654_2_55_291578601145698508116308094848844669462.nii.gz,ok,2,0,1 2,,1 2,,2,0,True,True
test,1_2_840_113654_2_55_291787608127493613448368626528674406153,/opt/data/beegfs/Task023_LUNA25/raw_splitted/labelsTs/1_2_840_113654_2_55_291787608127493613448368626528674406153.json,/opt/data/beegfs/Task023_LUNA25/raw_splitted/labelsTs/1_2_840_113654_2_55_291787608127493613448368626528674406153.nii.gz,ok,2,0,1 2,,1 2,,2,0,True,True
test,1_2_840_113654_2_55_291973352169843610001556302902517151351,/opt/data/beegfs/Task023_LUNA25/raw_splitted/labelsTs/1_2_840_113654_2_55_291973352169843610001556302902517151351.json,/opt/data/beegfs/Task023_LUNA25/raw_splitted/labelsTs/1_2_840_113654_2_55_291973352169843610001556302902517151351.nii.gz,ok,1,0,1,,1,,1,0,True,True
test,1_2_840_113654_2_55_292224415423254312216111726059065644149,/opt/data/beegfs/Task023_LUNA25/raw_splitted/labelsTs/1_2_840_113654_2_55_292224415423254312216111726059065644149.json,/opt/data/beegfs/Task023_LUNA25/raw_splitted/labelsTs/1_2_840_113654_2_55_292224415423254312216111726059065644149.nii.gz,ok,1,0,1,,1,,1,0,True,True
test,1_2_840_113654_2_55_292421371060498570771259124300844188559,/opt/data/beegfs/Task023_LUNA25/raw_splitted/labelsTs/1_2_840_113654_2_55_292421371060498570771259124300844188559.json,/opt/data/beegfs/Task023_LUNA25/raw_splitted/labelsTs/1_2_840_113654_2_55_292421371060498570771259124300844188559.nii.gz,ok,1,0,1,,1,,1,0,True,True
test,1_2_840_113654_2_55_29271009548044666664538360038542329404,/opt/data/beegfs/Task023_LUNA25/raw_splitted/labelsTs/1_2_840_113654_2_55_29271009548044666664538360038542329404.json,/opt/data/beegfs/Task023_LUNA25/raw_splitted/labelsTs/1_2_840_113654_2_55_29271009548044666664538360038542329404.nii.gz,ok,3,0,1 2 3,,1 2 3,,3,0,True,True
test,1_2_840_113654_2_55_293894376122959161066499242933482755047,/opt/data/beegfs/Task023_LUNA25/raw_splitted/labelsTs/1_2_840_113654_2_55_293894376122959161066499242933482755047.json,/opt/data/beegfs/Task023_LUNA25/raw_splitted/labelsTs/1_2_840_113654_2_55_293894376122959161066499242933482755047.nii.gz,ok,3,0,1 2 3,,1 2 3,,3,0,True,True
test,1_2_840_113654_2_55_293898827294928504058944959783275430020,/opt/data/beegfs/Task023_LUNA25/raw_splitted/labelsTs/1_2_840_113654_2_55_293898827294928504058944959783275430020.json,/opt/data/beegfs/Task023_LUNA25/raw_splitted/labelsTs/1_2_840_113654_2_55_293898827294928504058944959783275430020.nii.gz,ok,1,0,1,,1,,1,0,True,True
test,1_2_840_113654_2_55_294437936104958111127574233688051455956,/opt/data/beegfs/Task023_LUNA25/raw_splitted/labelsTs/1_2_840_113654_2_55_294437936104958111127574233688051455956.json,/opt/data/beegfs/Task023_LUNA25/raw_splitted/labelsTs/1_2_840_113654_2_55_294437936104958111127574233688051455956.nii.gz,ok,1,0,1,,1,,1,0,True,True
test,1_2_840_113654_2_55_294514396003166626705015077611769167401,/opt/data/beegfs/Task023_LUNA25/raw_splitted/labelsTs/1_2_840_113654_2_55_294514396003166626705015077611769167401.json,/opt/data/beegfs/Task023_LUNA25/raw_splitted/labelsTs/1_2_840_113654_2_55_294514396003166626705015077611769167401.nii.gz,ok,1,0,1,,1,,1,0,True,True
test,1_2_840_113654_2_55_294863021354991257362806043940616493998,/opt/data/beegfs/Task023_LUNA25/raw_splitted/labelsTs/1_2_840_113654_2_55_294863021354991257362806043940616493998.json,/opt/data/beegfs/Task023_LUNA25/raw_splitted/labelsTs/1_2_840_113654_2_55_294863021354991257362806043940616493998.nii.gz,ok,1,0,1,,1,,1,0,True,True
test,1_2_840_113654_2_55_295129759042689188354281699306083167045,/opt/data/beegfs/Task023_LUNA25/raw_splitted/labelsTs/1_2_840_113654_2_55_295129759042689188354281699306083167045.json,/opt/data/beegfs/Task023_LUNA25/raw_splitted/labelsTs/1_2_840_113654_2_55_295129759042689188354281699306083167045.nii.gz,ok,1,0,1,,1,,1,0,True,True
test,1_2_840_113654_2_55_295130592416474261515641670214193307322,/opt/data/beegfs/Task023_LUNA25/raw_splitted/labelsTs/1_2_840_113654_2_55_295130592416474261515641670214193307322.json,/opt/data/beegfs/Task023_LUNA25/raw_splitted/labelsTs/1_2_840_113654_2_55_295130592416474261515641670214193307322.nii.gz,ok,1,0,1,,1,,1,0,True,True
test,1_2_840_113654_2_55_295503707065946314974570533833346343329,/opt/data/beegfs/Task023_LUNA25/raw_splitted/labelsTs/1_2_840_113654_2_55_295503707065946314974570533833346343329.json,/opt/data/beegfs/Task023_LUNA25/raw_splitted/labelsTs/1_2_840_113654_2_55_295503707065946314974570533833346343329.nii.gz,ok,1,0,1,,1,,1,0,True,True
test,1_2_840_113654_2_55_296068540490614876165031067653480605182,/opt/data/beegfs/Task023_LUNA25/raw_splitted/labelsTs/1_2_840_113654_2_55_296068540490614876165031067653480605182.json,/opt/data/beegfs/Task023_LUNA25/raw_splitted/labelsTs/1_2_840_113654_2_55_296068540490614876165031067653480605182.nii.gz,ok,1,0,1,,1,,1,0,True,True
test,1_2_840_113654_2_55_296339628639169155708773470329671748912,/opt/data/beegfs/Task023_LUNA25/raw_splitted/labelsTs/1_2_840_113654_2_55_296339628639169155708773470329671748912.json,/opt/data/beegfs/Task023_LUNA25/raw_splitted/labelsTs/1_2_840_113654_2_55_296339628639169155708773470329671748912.nii.gz,ok,1,0,1,,1,,1,0,True,True
test,1_2_840_113654_2_55_297015799122585808903218145748866066858,/opt/data/beegfs/Task023_LUNA25/raw_splitted/labelsTs/1_2_840_113654_2_55_297015799122585808903218145748866066858.json,/opt/data/beegfs/Task023_LUNA25/raw_splitted/labelsTs/1_2_840_113654_2_55_297015799122585808903218145748866066858.nii.gz,ok,1,0,1,,1,,1,0,True,True
test,1_2_840_113654_2_55_297208691011491254400932871496453545354,/opt/data/beegfs/Task023_LUNA25/raw_splitted/labelsTs/1_2_840_113654_2_55_297208691011491254400932871496453545354.json,/opt/data/beegfs/Task023_LUNA25/raw_splitted/labelsTs/1_2_840_113654_2_55_297208691011491254400932871496453545354.nii.gz,ok,1,0,1,,1,,1,0,True,True
test,1_2_840_113654_2_55_297374347450435383945943334581389070268,/opt/data/beegfs/Task023_LUNA25/raw_splitted/labelsTs/1_2_840_113654_2_55_297374347450435383945943334581389070268.json,/opt/data/beegfs/Task023_LUNA25/raw_splitted/labelsTs/1_2_840_113654_2_55_297374347450435383945943334581389070268.nii.gz,ok,1,0,1,,1,,1,0,True,True
test,1_2_840_113654_2_55_297853754837395607382177420506133691693,/opt/data/beegfs/Task023_LUNA25/raw_splitted/labelsTs/1_2_840_113654_2_55_297853754837395607382177420506133691693.json,/opt/data/beegfs/Task023_LUNA25/raw_splitted/labelsTs/1_2_840_113654_2_55_297853754837395607382177420506133691693.nii.gz,ok,1,0,1,,1,,1,0,True,True
test,1_2_840_113654_2_55_301272253049105746219926646788353559979,/opt/data/beegfs/Task023_LUNA25/raw_splitted/labelsTs/1_2_840_113654_2_55_301272253049105746219926646788353559979.json,/opt/data/beegfs/Task023_LUNA25/raw_splitted/labelsTs/1_2_840_113654_2_55_301272253049105746219926646788353559979.nii.gz,ok,1,0,1,,1,,1,0,True,True
test,1_2_840_113654_2_55_301486291365204296048729987184223555751,/opt/data/beegfs/Task023_LUNA25/raw_splitted/labelsTs/1_2_840_113654_2_55_301486291365204296048729987184223555751.json,/opt/data/beegfs/Task023_LUNA25/raw_splitted/labelsTs/1_2_840_113654_2_55_301486291365204296048729987184223555751.nii.gz,ok,1,0,1,,1,,1,0,True,True
test,1_2_840_113654_2_55_30157507539491613958765775302140696104,/opt/data/beegfs/Task023_LUNA25/raw_splitted/labelsTs/1_2_840_113654_2_55_30157507539491613958765775302140696104.json,/opt/data/beegfs/Task023_LUNA25/raw_splitted/labelsTs/1_2_840_113654_2_55_30157507539491613958765775302140696104.nii.gz,ok,2,0,1 2,,1 2,,2,0,True,True
test,1_2_840_113654_2_55_302601375103125490681395923369207470959,/opt/data/beegfs/Task023_LUNA25/raw_splitted/labelsTs/1_2_840_113654_2_55_302601375103125490681395923369207470959.json,/opt/data/beegfs/Task023_LUNA25/raw_splitted/labelsTs/1_2_840_113654_2_55_302601375103125490681395923369207470959.nii.gz,ok,1,0,1,,1,,1,0,True,True
test,1_2_840_113654_2_55_302966149847514700228767099446883234682,/opt/data/beegfs/Task023_LUNA25/raw_splitted/labelsTs/1_2_840_113654_2_55_302966149847514700228767099446883234682.json,/opt/data/beegfs/Task023_LUNA25/raw_splitted/labelsTs/1_2_840_113654_2_55_302966149847514700228767099446883234682.nii.gz,ok,1,0,1,,1,,1,0,True,True
test,1_2_840_113654_2_55_303311578885716675087257903747031626741,/opt/data/beegfs/Task023_LUNA25/raw_splitted/labelsTs/1_2_840_113654_2_55_303311578885716675087257903747031626741.json,/opt/data/beegfs/Task023_LUNA25/raw_splitted/labelsTs/1_2_840_113654_2_55_303311578885716675087257903747031626741.nii.gz,ok,1,0,1,,1,,1,0,True,True
test,1_2_840_113654_2_55_304225078977178404867396483219217701437,/opt/data/beegfs/Task023_LUNA25/raw_splitted/labelsTs/1_2_840_113654_2_55_304225078977178404867396483219217701437.json,/opt/data/beegfs/Task023_LUNA25/raw_splitted/labelsTs/1_2_840_113654_2_55_304225078977178404867396483219217701437.nii.gz,ok,1,0,1,,1,,1,0,True,True
test,1_2_840_113654_2_55_304268602076083074768389041843834873941,/opt/data/beegfs/Task023_LUNA25/raw_splitted/labelsTs/1_2_840_113654_2_55_304268602076083074768389041843834873941.json,/opt/data/beegfs/Task023_LUNA25/raw_splitted/labelsTs/1_2_840_113654_2_55_304268602076083074768389041843834873941.nii.gz,ok,1,0,1,,1,,1,0,True,True
test,1_2_840_113654_2_55_304491099768878536886995673207210000410,/opt/data/beegfs/Task023_LUNA25/raw_splitted/labelsTs/1_2_840_113654_2_55_304491099768878536886995673207210000410.json,/opt/data/beegfs/Task023_LUNA25/raw_splitted/labelsTs/1_2_840_113654_2_55_304491099768878536886995673207210000410.nii.gz,ok,2,0,1 2,,1 2,,2,0,True,True
test,1_2_840_113654_2_55_304984066145952546098637052674173235991,/opt/data/beegfs/Task023_LUNA25/raw_splitted/labelsTs/1_2_840_113654_2_55_304984066145952546098637052674173235991.json,/opt/data/beegfs/Task023_LUNA25/raw_splitted/labelsTs/1_2_840_113654_2_55_304984066145952546098637052674173235991.nii.gz,ok,1,0,1,,1,,1,0,True,True
test,1_2_840_113654_2_55_307602919663690992836166799298012511298,/opt/data/beegfs/Task023_LUNA25/raw_splitted/labelsTs/1_2_840_113654_2_55_307602919663690992836166799298012511298.json,/opt/data/beegfs/Task023_LUNA25/raw_splitted/labelsTs/1_2_840_113654_2_55_307602919663690992836166799298012511298.nii.gz,ok,1,0,1,,1,,1,0,True,True
test,1_2_840_113654_2_55_308315767046979667916347886020382808815,/opt/data/beegfs/Task023_LUNA25/raw_splitted/labelsTs/1_2_840_113654_2_55_308315767046979667916347886020382808815.json,/opt/data/beegfs/Task023_LUNA25/raw_splitted/labelsTs/1_2_840_113654_2_55_308315767046979667916347886020382808815.nii.gz,ok,3,0,1 2 3,,1 2 3,,3,0,True,True
test,1_2_840_113654_2_55_308587354974293512959220245321981504107,/opt/data/beegfs/Task023_LUNA25/raw_splitted/labelsTs/1_2_840_113654_2_55_308587354974293512959220245321981504107.json,/opt/data/beegfs/Task023_LUNA25/raw_splitted/labelsTs/1_2_840_113654_2_55_308587354974293512959220245321981504107.nii.gz,ok,3,0,1 2 3,,1 2 3,,3,0,True,True
test,1_2_840_113654_2_55_309124594889881101847270295308361580188,/opt/data/beegfs/Task023_LUNA25/raw_splitted/labelsTs/1_2_840_113654_2_55_309124594889881101847270295308361580188.json,/opt/data/beegfs/Task023_LUNA25/raw_splitted/labelsTs/1_2_840_113654_2_55_309124594889881101847270295308361580188.nii.gz,ok,1,0,1,,1,,1,0,True,True
test,1_2_840_113654_2_55_309298402279503592045278517483035809008,/opt/data/beegfs/Task023_LUNA25/raw_splitted/labelsTs/1_2_840_113654_2_55_309298402279503592045278517483035809008.json,/opt/data/beegfs/Task023_LUNA25/raw_splitted/labelsTs/1_2_840_113654_2_55_309298402279503592045278517483035809008.nii.gz,ok,4,0,1 2 3 4,,1 2 3 4,,4,0,True,True
test,1_2_840_113654_2_55_309317563862673547694735697842998275232,/opt/data/beegfs/Task023_LUNA25/raw_splitted/labelsTs/1_2_840_113654_2_55_309317563862673547694735697842998275232.json,/opt/data/beegfs/Task023_LUNA25/raw_splitted/labelsTs/1_2_840_113654_2_55_309317563862673547694735697842998275232.nii.gz,ok,1,0,1,,1,,1,0,True,True
test,1_2_840_113654_2_55_309892607740059702942331993104059960414,/opt/data/beegfs/Task023_LUNA25/raw_splitted/labelsTs/1_2_840_113654_2_55_309892607740059702942331993104059960414.json,/opt/data/beegfs/Task023_LUNA25/raw_splitted/labelsTs/1_2_840_113654_2_55_309892607740059702942331993104059960414.nii.gz,ok,1,0,1,,1,,1,0,True,True
test,1_2_840_113654_2_55_310775123525899927376967098556527769544,/opt/data/beegfs/Task023_LUNA25/raw_splitted/labelsTs/1_2_840_113654_2_55_310775123525899927376967098556527769544.json,/opt/data/beegfs/Task023_LUNA25/raw_splitted/labelsTs/1_2_840_113654_2_55_310775123525899927376967098556527769544.nii.gz,ok,2,0,1 2,,1 2,,2,0,True,True
test,1_2_840_113654_2_55_311115139961275623650829082722964871169,/opt/data/beegfs/Task023_LUNA25/raw_splitted/labelsTs/1_2_840_113654_2_55_311115139961275623650829082722964871169.json,/opt/data/beegfs/Task023_LUNA25/raw_splitted/labelsTs/1_2_840_113654_2_55_311115139961275623650829082722964871169.nii.gz,ok,1,0,1,,1,,1,0,True,True
test,1_2_840_113654_2_55_31134773124962680314971420470436141970,/opt/data/beegfs/Task023_LUNA25/raw_splitted/labelsTs/1_2_840_113654_2_55_31134773124962680314971420470436141970.json,/opt/data/beegfs/Task023_LUNA25/raw_splitted/labelsTs/1_2_840_113654_2_55_31134773124962680314971420470436141970.nii.gz,ok,1,0,1,,1,,1,0,True,True
test,1_2_840_113654_2_55_312387403685285738609395582873128290853,/opt/data/beegfs/Task023_LUNA25/raw_splitted/labelsTs/1_2_840_113654_2_55_312387403685285738609395582873128290853.json,/opt/data/beegfs/Task023_LUNA25/raw_splitted/labelsTs/1_2_840_113654_2_55_312387403685285738609395582873128290853.nii.gz,ok,1,0,1,,1,,1,0,True,True
test,1_2_840_113654_2_55_31306055723842879353398896455509133269,/opt/data/beegfs/Task023_LUNA25/raw_splitted/labelsTs/1_2_840_113654_2_55_31306055723842879353398896455509133269.json,/opt/data/beegfs/Task023_LUNA25/raw_splitted/labelsTs/1_2_840_113654_2_55_31306055723842879353398896455509133269.nii.gz,ok,1,0,1,,1,,1,0,True,True
test,1_2_840_113654_2_55_313169197215544053644392446825360374797,/opt/data/beegfs/Task023_LUNA25/raw_splitted/labelsTs/1_2_840_113654_2_55_313169197215544053644392446825360374797.json,/opt/data/beegfs/Task023_LUNA25/raw_splitted/labelsTs/1_2_840_113654_2_55_313169197215544053644392446825360374797.nii.gz,ok,1,0,1,,1,,1,0,True,True
test,1_2_840_113654_2_55_313447267287618859864751018217561287680,/opt/data/beegfs/Task023_LUNA25/raw_splitted/labelsTs/1_2_840_113654_2_55_313447267287618859864751018217561287680.json,/opt/data/beegfs/Task023_LUNA25/raw_splitted/labelsTs/1_2_840_113654_2_55_313447267287618859864751018217561287680.nii.gz,ok,1,0,1,,1,,1,0,True,True
test,1_2_840_113654_2_55_31346943872430840522169901647611102822,/opt/data/beegfs/Task023_LUNA25/raw_splitted/labelsTs/1_2_840_113654_2_55_31346943872430840522169901647611102822.json,/opt/data/beegfs/Task023_LUNA25/raw_splitted/labelsTs/1_2_840_113654_2_55_31346943872430840522169901647611102822.nii.gz,ok,4,0,1 2 3 4,,1 2 3 4,,4,0,True,True
test,1_2_840_113654_2_55_314446305912041984830636184830509362472,/opt/data/beegfs/Task023_LUNA25/raw_splitted/labelsTs/1_2_840_113654_2_55_314446305912041984830636184830509362472.json,/opt/data/beegfs/Task023_LUNA25/raw_splitted/labelsTs/1_2_840_113654_2_55_314446305912041984830636184830509362472.nii.gz,ok,1,0,1,,1,,1,0,True,True
test,1_2_840_113654_2_55_314484829802788338351594515856070540747,/opt/data/beegfs/Task023_LUNA25/raw_splitted/labelsTs/1_2_840_113654_2_55_314484829802788338351594515856070540747.json,/opt/data/beegfs/Task023_LUNA25/raw_splitted/labelsTs/1_2_840_113654_2_55_314484829802788338351594515856070540747.nii.gz,ok,3,0,1 2 3,,1 2 3,,3,0,True,True
test,1_2_840_113654_2_55_31458290121801770145367015893139048291,/opt/data/beegfs/Task023_LUNA25/raw_splitted/labelsTs/1_2_840_113654_2_55_31458290121801770145367015893139048291.json,/opt/data/beegfs/Task023_LUNA25/raw_splitted/labelsTs/1_2_840_113654_2_55_31458290121801770145367015893139048291.nii.gz,ok,3,0,1 2 3,,1 2 3,,3,0,True,True
test,1_2_840_113654_2_55_314974121257062901192464195152526126706,/opt/data/beegfs/Task023_LUNA25/raw_splitted/labelsTs/1_2_840_113654_2_55_314974121257062901192464195152526126706.json,/opt/data/beegfs/Task023_LUNA25/raw_splitted/labelsTs/1_2_840_113654_2_55_314974121257062901192464195152526126706.nii.gz,ok,1,0,1,,1,,1,0,True,True
test,1_2_840_113654_2_55_315378861785700800362905815253058416034,/opt/data/beegfs/Task023_LUNA25/raw_splitted/labelsTs/1_2_840_113654_2_55_315378861785700800362905815253058416034.json,/opt/data/beegfs/Task023_LUNA25/raw_splitted/labelsTs/1_2_840_113654_2_55_315378861785700800362905815253058416034.nii.gz,ok,1,0,1,,1,,1,0,True,True
test,1_2_840_113654_2_55_315564661178215161373356578782954962078,/opt/data/beegfs/Task023_LUNA25/raw_splitted/labelsTs/1_2_840_113654_2_55_315564661178215161373356578782954962078.json,/opt/data/beegfs/Task023_LUNA25/raw_splitted/labelsTs/1_2_840_113654_2_55_315564661178215161373356578782954962078.nii.gz,ok,1,0,1,,1,,1,0,True,True
test,1_2_840_113654_2_55_315662957548067982902098362460255622770,/opt/data/beegfs/Task023_LUNA25/raw_splitted/labelsTs/1_2_840_113654_2_55_315662957548067982902098362460255622770.json,/opt/data/beegfs/Task023_LUNA25/raw_splitted/labelsTs/1_2_840_113654_2_55_315662957548067982902098362460255622770.nii.gz,ok,1,0,1,,1,,1,0,True,True
test,1_2_840_113654_2_55_315899540690642398060343420420416980600,/opt/data/beegfs/Task023_LUNA25/raw_splitted/labelsTs/1_2_840_113654_2_55_315899540690642398060343420420416980600.json,/opt/data/beegfs/Task023_LUNA25/raw_splitted/labelsTs/1_2_840_113654_2_55_315899540690642398060343420420416980600.nii.gz,ok,1,0,1,,1,,1,0,True,True
test,1_2_840_113654_2_55_315929725979320857090117787010104052118,/opt/data/beegfs/Task023_LUNA25/raw_splitted/labelsTs/1_2_840_113654_2_55_315929725979320857090117787010104052118.json,/opt/data/beegfs/Task023_LUNA25/raw_splitted/labelsTs/1_2_840_113654_2_55_315929725979320857090117787010104052118.nii.gz,ok,1,0,1,,1,,1,0,True,True
test,1_2_840_113654_2_55_315991954489281368108094068458827990889,/opt/data/beegfs/Task023_LUNA25/raw_splitted/labelsTs/1_2_840_113654_2_55_315991954489281368108094068458827990889.json,/opt/data/beegfs/Task023_LUNA25/raw_splitted/labelsTs/1_2_840_113654_2_55_315991954489281368108094068458827990889.nii.gz,ok,1,0,1,,1,,1,0,True,True
test,1_2_840_113654_2_55_316347922672751645003917646955443314759,/opt/data/beegfs/Task023_LUNA25/raw_splitted/labelsTs/1_2_840_113654_2_55_316347922672751645003917646955443314759.json,/opt/data/beegfs/Task023_LUNA25/raw_splitted/labelsTs/1_2_840_113654_2_55_316347922672751645003917646955443314759.nii.gz,ok,1,0,1,,1,,1,0,True,True
test,1_2_840_113654_2_55_316527578863984491521036487052149228476,/opt/data/beegfs/Task023_LUNA25/raw_splitted/labelsTs/1_2_840_113654_2_55_316527578863984491521036487052149228476.json,/opt/data/beegfs/Task023_LUNA25/raw_splitted/labelsTs/1_2_840_113654_2_55_316527578863984491521036487052149228476.nii.gz,ok,1,0,1,,1,,1,0,True,True
test,1_2_840_113654_2_55_316754041873997812695638976241427348497,/opt/data/beegfs/Task023_LUNA25/raw_splitted/labelsTs/1_2_840_113654_2_55_316754041873997812695638976241427348497.json,/opt/data/beegfs/Task023_LUNA25/raw_splitted/labelsTs/1_2_840_113654_2_55_316754041873997812695638976241427348497.nii.gz,ok,1,0,1,,1,,1,0,True,True
test,1_2_840_113654_2_55_317464266541057061459971424233848697121,/opt/data/beegfs/Task023_LUNA25/raw_splitted/labelsTs/1_2_840_113654_2_55_317464266541057061459971424233848697121.json,/opt/data/beegfs/Task023_LUNA25/raw_splitted/labelsTs/1_2_840_113654_2_55_317464266541057061459971424233848697121.nii.gz,ok,2,0,1 2,,1 2,,2,0,True,True
test,1_2_840_113654_2_55_318329352119714150762316055209627887029,/opt/data/beegfs/Task023_LUNA25/raw_splitted/labelsTs/1_2_840_113654_2_55_318329352119714150762316055209627887029.json,/opt/data/beegfs/Task023_LUNA25/raw_splitted/labelsTs/1_2_840_113654_2_55_318329352119714150762316055209627887029.nii.gz,ok,1,0,1,,1,,1,0,True,True
test,1_2_840_113654_2_55_318379336523366174720938941155174133682,/opt/data/beegfs/Task023_LUNA25/raw_splitted/labelsTs/1_2_840_113654_2_55_318379336523366174720938941155174133682.json,/opt/data/beegfs/Task023_LUNA25/raw_splitted/labelsTs/1_2_840_113654_2_55_318379336523366174720938941155174133682.nii.gz,ok,1,0,1,,1,,1,0,True,True
test,1_2_840_113654_2_55_318665197549264855478703915592656204145,/opt/data/beegfs/Task023_LUNA25/raw_splitted/labelsTs/1_2_840_113654_2_55_318665197549264855478703915592656204145.json,/opt/data/beegfs/Task023_LUNA25/raw_splitted/labelsTs/1_2_840_113654_2_55_318665197549264855478703915592656204145.nii.gz,ok,2,0,1 2,,1 2,,2,0,True,True
test,1_2_840_113654_2_55_319442146929580880574519070491872461643,/opt/data/beegfs/Task023_LUNA25/raw_splitted/labelsTs/1_2_840_113654_2_55_319442146929580880574519070491872461643.json,/opt/data/beegfs/Task023_LUNA25/raw_splitted/labelsTs/1_2_840_113654_2_55_319442146929580880574519070491872461643.nii.gz,ok,4,0,1 2 3 4,,1 2 3 4,,4,0,True,True
test,1_2_840_113654_2_55_32030978860135844041941031046130467613,/opt/data/beegfs/Task023_LUNA25/raw_splitted/labelsTs/1_2_840_113654_2_55_32030978860135844041941031046130467613.json,/opt/data/beegfs/Task023_LUNA25/raw_splitted/labelsTs/1_2_840_113654_2_55_32030978860135844041941031046130467613.nii.gz,ok,2,0,1 2,,1 2,,2,0,True,True
test,1_2_840_113654_2_55_321311354112579204922340310943834185080,/opt/data/beegfs/Task023_LUNA25/raw_splitted/labelsTs/1_2_840_113654_2_55_321311354112579204922340310943834185080.json,/opt/data/beegfs/Task023_LUNA25/raw_splitted/labelsTs/1_2_840_113654_2_55_321311354112579204922340310943834185080.nii.gz,ok,3,0,1 2 3,,1 2 3,,3,0,True,True
test,1_2_840_113654_2_55_321367175702065116651743694236906157335,/opt/data/beegfs/Task023_LUNA25/raw_splitted/labelsTs/1_2_840_113654_2_55_321367175702065116651743694236906157335.json,/opt/data/beegfs/Task023_LUNA25/raw_splitted/labelsTs/1_2_840_113654_2_55_321367175702065116651743694236906157335.nii.gz,ok,1,0,1,,1,,1,0,True,True
test,1_2_840_113654_2_55_323343842406001993312785936011662557801,/opt/data/beegfs/Task023_LUNA25/raw_splitted/labelsTs/1_2_840_113654_2_55_323343842406001993312785936011662557801.json,/opt/data/beegfs/Task023_LUNA25/raw_splitted/labelsTs/1_2_840_113654_2_55_323343842406001993312785936011662557801.nii.gz,ok,5,0,1 2 3 4 5,,1 2 3 4 5,,5,0,True,True
test,1_2_840_113654_2_55_323795989902454971781908000017566172112,/opt/data/beegfs/Task023_LUNA25/raw_splitted/labelsTs/1_2_840_113654_2_55_323795989902454971781908000017566172112.json,/opt/data/beegfs/Task023_LUNA25/raw_splitted/labelsTs/1_2_840_113654_2_55_323795989902454971781908000017566172112.nii.gz,ok,1,0,1,,1,,1,0,True,True
test,1_2_840_113654_2_55_323804676332963457174235140303454945005,/opt/data/beegfs/Task023_LUNA25/raw_splitted/labelsTs/1_2_840_113654_2_55_323804676332963457174235140303454945005.json,/opt/data/beegfs/Task023_LUNA25/raw_splitted/labelsTs/1_2_840_113654_2_55_323804676332963457174235140303454945005.nii.gz,ok,1,0,1,,1,,1,0,True,True
test,1_2_840_113654_2_55_323832061194659409894605890035620390748,/opt/data/beegfs/Task023_LUNA25/raw_splitted/labelsTs/1_2_840_113654_2_55_323832061194659409894605890035620390748.json,/opt/data/beegfs/Task023_LUNA25/raw_splitted/labelsTs/1_2_840_113654_2_55_323832061194659409894605890035620390748.nii.gz,ok,2,0,1 2,,1 2,,2,0,True,True
test,1_2_840_113654_2_55_323879729444643695896771886043643923881,/opt/data/beegfs/Task023_LUNA25/raw_splitted/labelsTs/1_2_840_113654_2_55_323879729444643695896771886043643923881.json,/opt/data/beegfs/Task023_LUNA25/raw_splitted/labelsTs/1_2_840_113654_2_55_323879729444643695896771886043643923881.nii.gz,ok,1,0,1,,1,,1,0,True,True
test,1_2_840_113654_2_55_324766470707732271439045459266455295642,/opt/data/beegfs/Task023_LUNA25/raw_splitted/labelsTs/1_2_840_113654_2_55_324766470707732271439045459266455295642.json,/opt/data/beegfs/Task023_LUNA25/raw_splitted/labelsTs/1_2_840_113654_2_55_324766470707732271439045459266455295642.nii.gz,ok,1,0,1,,1,,1,0,True,True
test,1_2_840_113654_2_55_325600800571145010153524169950871803896,/opt/data/beegfs/Task023_LUNA25/raw_splitted/labelsTs/1_2_840_113654_2_55_325600800571145010153524169950871803896.json,/opt/data/beegfs/Task023_LUNA25/raw_splitted/labelsTs/1_2_840_113654_2_55_325600800571145010153524169950871803896.nii.gz,ok,1,0,1,,1,,1,0,True,True
test,1_2_840_113654_2_55_326442639474697489589630478150149509730,/opt/data/beegfs/Task023_LUNA25/raw_splitted/labelsTs/1_2_840_113654_2_55_326442639474697489589630478150149509730.json,/opt/data/beegfs/Task023_LUNA25/raw_splitted/labelsTs/1_2_840_113654_2_55_326442639474697489589630478150149509730.nii.gz,ok,1,0,1,,1,,1,0,True,True
test,1_2_840_113654_2_55_326449404719522402325283944156634362822,/opt/data/beegfs/Task023_LUNA25/raw_splitted/labelsTs/1_2_840_113654_2_55_326449404719522402325283944156634362822.json,/opt/data/beegfs/Task023_LUNA25/raw_splitted/labelsTs/1_2_840_113654_2_55_326449404719522402325283944156634362822.nii.gz,ok,1,0,1,,1,,1,0,True,True
test,1_2_840_113654_2_55_326741154819036874827973694341961641032,/opt/data/beegfs/Task023_LUNA25/raw_splitted/labelsTs/1_2_840_113654_2_55_326741154819036874827973694341961641032.json,/opt/data/beegfs/Task023_LUNA25/raw_splitted/labelsTs/1_2_840_113654_2_55_326741154819036874827973694341961641032.nii.gz,ok,1,0,1,,1,,1,0,True,True
test,1_2_840_113654_2_55_327297051290450523477479181429814999039,/opt/data/beegfs/Task023_LUNA25/raw_splitted/labelsTs/1_2_840_113654_2_55_327297051290450523477479181429814999039.json,/opt/data/beegfs/Task023_LUNA25/raw_splitted/labelsTs/1_2_840_113654_2_55_327297051290450523477479181429814999039.nii.gz,ok,1,0,1,,1,,1,0,True,True
test,1_2_840_113654_2_55_328144457518696101164730986176483825635,/opt/data/beegfs/Task023_LUNA25/raw_splitted/labelsTs/1_2_840_113654_2_55_328144457518696101164730986176483825635.json,/opt/data/beegfs/Task023_LUNA25/raw_splitted/labelsTs/1_2_840_113654_2_55_328144457518696101164730986176483825635.nii.gz,ok,1,0,1,,1,,1,0,True,True
test,1_2_840_113654_2_55_328549811075048071069814253975017174211,/opt/data/beegfs/Task023_LUNA25/raw_splitted/labelsTs/1_2_840_113654_2_55_328549811075048071069814253975017174211.json,/opt/data/beegfs/Task023_LUNA25/raw_splitted/labelsTs/1_2_840_113654_2_55_328549811075048071069814253975017174211.nii.gz,ok,1,0,1,,1,,1,0,True,True
test,1_2_840_113654_2_55_329392293948487494487818991882585345493,/opt/data/beegfs/Task023_LUNA25/raw_splitted/labelsTs/1_2_840_113654_2_55_329392293948487494487818991882585345493.json,/opt/data/beegfs/Task023_LUNA25/raw_splitted/labelsTs/1_2_840_113654_2_55_329392293948487494487818991882585345493.nii.gz,ok,1,0,1,,1,,1,0,True,True
test,1_2_840_113654_2_55_329788261955352159885226322173680289924,/opt/data/beegfs/Task023_LUNA25/raw_splitted/labelsTs/1_2_840_113654_2_55_329788261955352159885226322173680289924.json,/opt/data/beegfs/Task023_LUNA25/raw_splitted/labelsTs/1_2_840_113654_2_55_329788261955352159885226322173680289924.nii.gz,ok,2,0,1 2,,1 2,,2,0,True,True
test,1_2_840_113654_2_55_330436984055630910992935544387232392671,/opt/data/beegfs/Task023_LUNA25/raw_splitted/labelsTs/1_2_840_113654_2_55_330436984055630910992935544387232392671.json,/opt/data/beegfs/Task023_LUNA25/raw_splitted/labelsTs/1_2_840_113654_2_55_330436984055630910992935544387232392671.nii.gz,ok,1,0,1,,1,,1,0,True,True
test,1_2_840_113654_2_55_330599075792184658232803715257854667359,/opt/data/beegfs/Task023_LUNA25/raw_splitted/labelsTs/1_2_840_113654_2_55_330599075792184658232803715257854667359.json,/opt/data/beegfs/Task023_LUNA25/raw_splitted/labelsTs/1_2_840_113654_2_55_330599075792184658232803715257854667359.nii.gz,ok,2,0,1 2,,1 2,,2,0,True,True
test,1_2_840_113654_2_55_331856992235900785049715450576588083131,/opt/data/beegfs/Task023_LUNA25/raw_splitted/labelsTs/1_2_840_113654_2_55_331856992235900785049715450576588083131.json,/opt/data/beegfs/Task023_LUNA25/raw_splitted/labelsTs/1_2_840_113654_2_55_331856992235900785049715450576588083131.nii.gz,ok,1,0,1,,1,,1,0,True,True
test,1_2_840_113654_2_55_332749442358427515909869636293263712462,/opt/data/beegfs/Task023_LUNA25/raw_splitted/labelsTs/1_2_840_113654_2_55_332749442358427515909869636293263712462.json,/opt/data/beegfs/Task023_LUNA25/raw_splitted/labelsTs/1_2_840_113654_2_55_332749442358427515909869636293263712462.nii.gz,ok,1,0,1,,1,,1,0,True,True
test,1_2_840_113654_2_55_333257339080099916656992917825128510728,/opt/data/beegfs/Task023_LUNA25/raw_splitted/labelsTs/1_2_840_113654_2_55_333257339080099916656992917825128510728.json,/opt/data/beegfs/Task023_LUNA25/raw_splitted/labelsTs/1_2_840_113654_2_55_333257339080099916656992917825128510728.nii.gz,ok,1,0,1,,1,,1,0,True,True
test,1_2_840_113654_2_55_333347299431686296566490858262717234508,/opt/data/beegfs/Task023_LUNA25/raw_splitted/labelsTs/1_2_840_113654_2_55_333347299431686296566490858262717234508.json,/opt/data/beegfs/Task023_LUNA25/raw_splitted/labelsTs/1_2_840_113654_2_55_333347299431686296566490858262717234508.nii.gz,ok,2,0,1 2,,1 2,,2,0,True,True
test,1_2_840_113654_2_55_333704644317360644564348306300134528373,/opt/data/beegfs/Task023_LUNA25/raw_splitted/labelsTs/1_2_840_113654_2_55_333704644317360644564348306300134528373.json,/opt/data/beegfs/Task023_LUNA25/raw_splitted/labelsTs/1_2_840_113654_2_55_333704644317360644564348306300134528373.nii.gz,ok,1,0,1,,1,,1,0,True,True
test,1_2_840_113654_2_55_336103181549058406668488648334778761914,/opt/data/beegfs/Task023_LUNA25/raw_splitted/labelsTs/1_2_840_113654_2_55_336103181549058406668488648334778761914.json,/opt/data/beegfs/Task023_LUNA25/raw_splitted/labelsTs/1_2_840_113654_2_55_336103181549058406668488648334778761914.nii.gz,ok,1,0,1,,1,,1,0,True,True
test,1_2_840_113654_2_55_336442905370610289758569792289256626777,/opt/data/beegfs/Task023_LUNA25/raw_splitted/labelsTs/1_2_840_113654_2_55_336442905370610289758569792289256626777.json,/opt/data/beegfs/Task023_LUNA25/raw_splitted/labelsTs/1_2_840_113654_2_55_336442905370610289758569792289256626777.nii.gz,ok,1,0,1,,1,,1,0,True,True
test,1_2_840_113654_2_55_337536517425722505701543058091345709248,/opt/data/beegfs/Task023_LUNA25/raw_splitted/labelsTs/1_2_840_113654_2_55_337536517425722505701543058091345709248.json,/opt/data/beegfs/Task023_LUNA25/raw_splitted/labelsTs/1_2_840_113654_2_55_337536517425722505701543058091345709248.nii.gz,ok,3,0,1 2 3,,1 2 3,,3,0,True,True
test,1_2_840_113654_2_55_337680951516292532993550974033181854899,/opt/data/beegfs/Task023_LUNA25/raw_splitted/labelsTs/1_2_840_113654_2_55_337680951516292532993550974033181854899.json,/opt/data/beegfs/Task023_LUNA25/raw_splitted/labelsTs/1_2_840_113654_2_55_337680951516292532993550974033181854899.nii.gz,ok,1,0,1,,1,,1,0,True,True
test,1_2_840_113654_2_55_338051323642191254528813837815666473096,/opt/data/beegfs/Task023_LUNA25/raw_splitted/labelsTs/1_2_840_113654_2_55_338051323642191254528813837815666473096.json,/opt/data/beegfs/Task023_LUNA25/raw_splitted/labelsTs/1_2_840_113654_2_55_338051323642191254528813837815666473096.nii.gz,ok,1,0,1,,1,,1,0,True,True
test,1_2_840_113654_2_55_338791688166498054843137408023130353723,/opt/data/beegfs/Task023_LUNA25/raw_splitted/labelsTs/1_2_840_113654_2_55_338791688166498054843137408023130353723.json,/opt/data/beegfs/Task023_LUNA25/raw_splitted/labelsTs/1_2_840_113654_2_55_338791688166498054843137408023130353723.nii.gz,ok,3,0,1 2 3,,1 2 3,,3,0,True,True
test,1_2_840_113654_2_55_34129308316456100145003046398508510527,/opt/data/beegfs/Task023_LUNA25/raw_splitted/labelsTs/1_2_840_113654_2_55_34129308316456100145003046398508510527.json,/opt/data/beegfs/Task023_LUNA25/raw_splitted/labelsTs/1_2_840_113654_2_55_34129308316456100145003046398508510527.nii.gz,ok,1,0,1,,1,,1,0,True,True
test,1_2_840_113654_2_55_34404778299074016653084921800714188247,/opt/data/beegfs/Task023_LUNA25/raw_splitted/labelsTs/1_2_840_113654_2_55_34404778299074016653084921800714188247.json,/opt/data/beegfs/Task023_LUNA25/raw_splitted/labelsTs/1_2_840_113654_2_55_34404778299074016653084921800714188247.nii.gz,ok,1,0,1,,1,,1,0,True,True
test,1_2_840_113654_2_55_35063803104514522145246866626353501935,/opt/data/beegfs/Task023_LUNA25/raw_splitted/labelsTs/1_2_840_113654_2_55_35063803104514522145246866626353501935.json,/opt/data/beegfs/Task023_LUNA25/raw_splitted/labelsTs/1_2_840_113654_2_55_35063803104514522145246866626353501935.nii.gz,ok,4,0,1 2 3 4,,1 2 3 4,,4,0,True,True
test,1_2_840_113654_2_55_35153610358030327382560142830668108147,/opt/data/beegfs/Task023_LUNA25/raw_splitted/labelsTs/1_2_840_113654_2_55_35153610358030327382560142830668108147.json,/opt/data/beegfs/Task023_LUNA25/raw_splitted/labelsTs/1_2_840_113654_2_55_35153610358030327382560142830668108147.nii.gz,ok,1,0,1,,1,,1,0,True,True
test,1_2_840_113654_2_55_35691667508930295801691674062964235018,/opt/data/beegfs/Task023_LUNA25/raw_splitted/labelsTs/1_2_840_113654_2_55_35691667508930295801691674062964235018.json,/opt/data/beegfs/Task023_LUNA25/raw_splitted/labelsTs/1_2_840_113654_2_55_35691667508930295801691674062964235018.nii.gz,ok,1,0,1,,1,,1,0,True,True
test,1_2_840_113654_2_55_36238096229036769137908755873264386359,/opt/data/beegfs/Task023_LUNA25/raw_splitted/labelsTs/1_2_840_113654_2_55_36238096229036769137908755873264386359.json,/opt/data/beegfs/Task023_LUNA25/raw_splitted/labelsTs/1_2_840_113654_2_55_36238096229036769137908755873264386359.nii.gz,ok,1,0,1,,1,,1,0,True,True
test,1_2_840_113654_2_55_36806234737263414591753566364186809933,/opt/data/beegfs/Task023_LUNA25/raw_splitted/labelsTs/1_2_840_113654_2_55_36806234737263414591753566364186809933.json,/opt/data/beegfs/Task023_LUNA25/raw_splitted/labelsTs/1_2_840_113654_2_55_36806234737263414591753566364186809933.nii.gz,ok,1,0,1,,1,,1,0,True,True
test,1_2_840_113654_2_55_37212598800916534823710756651708158472,/opt/data/beegfs/Task023_LUNA25/raw_splitted/labelsTs/1_2_840_113654_2_55_37212598800916534823710756651708158472.json,/opt/data/beegfs/Task023_LUNA25/raw_splitted/labelsTs/1_2_840_113654_2_55_37212598800916534823710756651708158472.nii.gz,ok,1,0,1,,1,,1,0,True,True
test,1_2_840_113654_2_55_38998892036459922256342436146008696917,/opt/data/beegfs/Task023_LUNA25/raw_splitted/labelsTs/1_2_840_113654_2_55_38998892036459922256342436146008696917.json,/opt/data/beegfs/Task023_LUNA25/raw_splitted/labelsTs/1_2_840_113654_2_55_38998892036459922256342436146008696917.nii.gz,ok,1,0,1,,1,,1,0,True,True
test,1_2_840_113654_2_55_39212709975323548677533095088706412188,/opt/data/beegfs/Task023_LUNA25/raw_splitted/labelsTs/1_2_840_113654_2_55_39212709975323548677533095088706412188.json,/opt/data/beegfs/Task023_LUNA25/raw_splitted/labelsTs/1_2_840_113654_2_55_39212709975323548677533095088706412188.nii.gz,ok,3,0,1 2 3,,1 2 3,,3,0,True,True
test,1_2_840_113654_2_55_40225333047179576197288639182022035902,/opt/data/beegfs/Task023_LUNA25/raw_splitted/labelsTs/1_2_840_113654_2_55_40225333047179576197288639182022035902.json,/opt/data/beegfs/Task023_LUNA25/raw_splitted/labelsTs/1_2_840_113654_2_55_40225333047179576197288639182022035902.nii.gz,ok,1,0,1,,1,,1,0,True,True
test,1_2_840_113654_2_55_42531760612808193506870777470802059062,/opt/data/beegfs/Task023_LUNA25/raw_splitted/labelsTs/1_2_840_113654_2_55_42531760612808193506870777470802059062.json,/opt/data/beegfs/Task023_LUNA25/raw_splitted/labelsTs/1_2_840_113654_2_55_42531760612808193506870777470802059062.nii.gz,ok,2,0,1 2,,1 2,,2,0,True,True
test,1_2_840_113654_2_55_42593673742228493017922127838001700322,/opt/data/beegfs/Task023_LUNA25/raw_splitted/labelsTs/1_2_840_113654_2_55_42593673742228493017922127838001700322.json,/opt/data/beegfs/Task023_LUNA25/raw_splitted/labelsTs/1_2_840_113654_2_55_42593673742228493017922127838001700322.nii.gz,ok,1,0,1,,1,,1,0,True,True
test,1_2_840_113654_2_55_43009668811382171381588668561787398542,/opt/data/beegfs/Task023_LUNA25/raw_splitted/labelsTs/1_2_840_113654_2_55_43009668811382171381588668561787398542.json,/opt/data/beegfs/Task023_LUNA25/raw_splitted/labelsTs/1_2_840_113654_2_55_43009668811382171381588668561787398542.nii.gz,ok,1,0,1,,1,,1,0,True,True
test,1_2_840_113654_2_55_44250216146418745196286374586058414455,/opt/data/beegfs/Task023_LUNA25/raw_splitted/labelsTs/1_2_840_113654_2_55_44250216146418745196286374586058414455.json,/opt/data/beegfs/Task023_LUNA25/raw_splitted/labelsTs/1_2_840_113654_2_55_44250216146418745196286374586058414455.nii.gz,ok,1,0,1,,1,,1,0,True,True
test,1_2_840_113654_2_55_45474628332716852644894622680455506457,/opt/data/beegfs/Task023_LUNA25/raw_splitted/labelsTs/1_2_840_113654_2_55_45474628332716852644894622680455506457.json,/opt/data/beegfs/Task023_LUNA25/raw_splitted/labelsTs/1_2_840_113654_2_55_45474628332716852644894622680455506457.nii.gz,ok,1,0,1,,1,,1,0,True,True
test,1_2_840_113654_2_55_45583423328293931860619520688911973989,/opt/data/beegfs/Task023_LUNA25/raw_splitted/labelsTs/1_2_840_113654_2_55_45583423328293931860619520688911973989.json,/opt/data/beegfs/Task023_LUNA25/raw_splitted/labelsTs/1_2_840_113654_2_55_45583423328293931860619520688911973989.nii.gz,ok,1,0,1,,1,,1,0,True,True
test,1_2_840_113654_2_55_45633360994647297232811220240340449111,/opt/data/beegfs/Task023_LUNA25/raw_splitted/labelsTs/1_2_840_113654_2_55_45633360994647297232811220240340449111.json,/opt/data/beegfs/Task023_LUNA25/raw_splitted/labelsTs/1_2_840_113654_2_55_45633360994647297232811220240340449111.nii.gz,ok,1,0,1,,1,,1,0,True,True
test,1_2_840_113654_2_55_46763061975017667635296729958983713588,/opt/data/beegfs/Task023_LUNA25/raw_splitted/labelsTs/1_2_840_113654_2_55_46763061975017667635296729958983713588.json,/opt/data/beegfs/Task023_LUNA25/raw_splitted/labelsTs/1_2_840_113654_2_55_46763061975017667635296729958983713588.nii.gz,ok,1,0,1,,1,,1,0,True,True
test,1_2_840_113654_2_55_46993000129277276931240574545496008858,/opt/data/beegfs/Task023_LUNA25/raw_splitted/labelsTs/1_2_840_113654_2_55_46993000129277276931240574545496008858.json,/opt/data/beegfs/Task023_LUNA25/raw_splitted/labelsTs/1_2_840_113654_2_55_46993000129277276931240574545496008858.nii.gz,ok,2,0,1 2,,1 2,,2,0,True,True
test,1_2_840_113654_2_55_47636815377203602246924090884996840901,/opt/data/beegfs/Task023_LUNA25/raw_splitted/labelsTs/1_2_840_113654_2_55_47636815377203602246924090884996840901.json,/opt/data/beegfs/Task023_LUNA25/raw_splitted/labelsTs/1_2_840_113654_2_55_47636815377203602246924090884996840901.nii.gz,ok,2,0,1 2,,1 2,,2,0,True,True
test,1_2_840_113654_2_55_47654741982645167072050334703346028269,/opt/data/beegfs/Task023_LUNA25/raw_splitted/labelsTs/1_2_840_113654_2_55_47654741982645167072050334703346028269.json,/opt/data/beegfs/Task023_LUNA25/raw_splitted/labelsTs/1_2_840_113654_2_55_47654741982645167072050334703346028269.nii.gz,ok,1,0,1,,1,,1,0,True,True
test,1_2_840_113654_2_55_48093207321544841107260606128247014018,/opt/data/beegfs/Task023_LUNA25/raw_splitted/labelsTs/1_2_840_113654_2_55_48093207321544841107260606128247014018.json,/opt/data/beegfs/Task023_LUNA25/raw_splitted/labelsTs/1_2_840_113654_2_55_48093207321544841107260606128247014018.nii.gz,ok,1,0,1,,1,,1,0,True,True
test,1_2_840_113654_2_55_48603091694994608738318392223018348755,/opt/data/beegfs/Task023_LUNA25/raw_splitted/labelsTs/1_2_840_113654_2_55_48603091694994608738318392223018348755.json,/opt/data/beegfs/Task023_LUNA25/raw_splitted/labelsTs/1_2_840_113654_2_55_48603091694994608738318392223018348755.nii.gz,ok,1,0,1,,1,,1,0,True,True
test,1_2_840_113654_2_55_49810197259404350318874892733822599909,/opt/data/beegfs/Task023_LUNA25/raw_splitted/labelsTs/1_2_840_113654_2_55_49810197259404350318874892733822599909.json,/opt/data/beegfs/Task023_LUNA25/raw_splitted/labelsTs/1_2_840_113654_2_55_49810197259404350318874892733822599909.nii.gz,ok,1,0,1,,1,,1,0,True,True
test,1_2_840_113654_2_55_50061113367131980468920462559641656228,/opt/data/beegfs/Task023_LUNA25/raw_splitted/labelsTs/1_2_840_113654_2_55_50061113367131980468920462559641656228.json,/opt/data/beegfs/Task023_LUNA25/raw_splitted/labelsTs/1_2_840_113654_2_55_50061113367131980468920462559641656228.nii.gz,ok,1,0,1,,1,,1,0,True,True
test,1_2_840_113654_2_55_50428831966996300070232814604596583825,/opt/data/beegfs/Task023_LUNA25/raw_splitted/labelsTs/1_2_840_113654_2_55_50428831966996300070232814604596583825.json,/opt/data/beegfs/Task023_LUNA25/raw_splitted/labelsTs/1_2_840_113654_2_55_50428831966996300070232814604596583825.nii.gz,ok,2,0,1 2,,1 2,,2,0,True,True
test,1_2_840_113654_2_55_52669852065688403770125460456920785792,/opt/data/beegfs/Task023_LUNA25/raw_splitted/labelsTs/1_2_840_113654_2_55_52669852065688403770125460456920785792.json,/opt/data/beegfs/Task023_LUNA25/raw_splitted/labelsTs/1_2_840_113654_2_55_52669852065688403770125460456920785792.nii.gz,ok,4,0,1 2 3 4,,1 2 3 4,,4,0,True,True
test,1_2_840_113654_2_55_54286878382996891785806448364397256107,/opt/data/beegfs/Task023_LUNA25/raw_splitted/labelsTs/1_2_840_113654_2_55_54286878382996891785806448364397256107.json,/opt/data/beegfs/Task023_LUNA25/raw_splitted/labelsTs/1_2_840_113654_2_55_54286878382996891785806448364397256107.nii.gz,ok,1,0,1,,1,,1,0,True,True
test,1_2_840_113654_2_55_54393288253091178587379469023813135176,/opt/data/beegfs/Task023_LUNA25/raw_splitted/labelsTs/1_2_840_113654_2_55_54393288253091178587379469023813135176.json,/opt/data/beegfs/Task023_LUNA25/raw_splitted/labelsTs/1_2_840_113654_2_55_54393288253091178587379469023813135176.nii.gz,ok,1,0,1,,1,,1,0,True,True
test,1_2_840_113654_2_55_545124873065377397907558820182655196,/opt/data/beegfs/Task023_LUNA25/raw_splitted/labelsTs/1_2_840_113654_2_55_545124873065377397907558820182655196.json,/opt/data/beegfs/Task023_LUNA25/raw_splitted/labelsTs/1_2_840_113654_2_55_545124873065377397907558820182655196.nii.gz,ok,4,0,1 2 3 4,,1 2 3 4,,4,0,True,True
test,1_2_840_113654_2_55_55168246782916287620153613927677799668,/opt/data/beegfs/Task023_LUNA25/raw_splitted/labelsTs/1_2_840_113654_2_55_55168246782916287620153613927677799668.json,/opt/data/beegfs/Task023_LUNA25/raw_splitted/labelsTs/1_2_840_113654_2_55_55168246782916287620153613927677799668.nii.gz,ok,2,1,1 2,1,2,,1,0,True,True
test,1_2_840_113654_2_55_5534895958330064020299527731946117632,/opt/data/beegfs/Task023_LUNA25/raw_splitted/labelsTs/1_2_840_113654_2_55_5534895958330064020299527731946117632.json,/opt/data/beegfs/Task023_LUNA25/raw_splitted/labelsTs/1_2_840_113654_2_55_5534895958330064020299527731946117632.nii.gz,ok,1,0,1,,1,,1,0,True,True
test,1_2_840_113654_2_55_56506396583069979421302985077005532188,/opt/data/beegfs/Task023_LUNA25/raw_splitted/labelsTs/1_2_840_113654_2_55_56506396583069979421302985077005532188.json,/opt/data/beegfs/Task023_LUNA25/raw_splitted/labelsTs/1_2_840_113654_2_55_56506396583069979421302985077005532188.nii.gz,ok,2,0,1 2,,1 2,,2,0,True,True
test,1_2_840_113654_2_55_56886620678607933023190623819049575159,/opt/data/beegfs/Task023_LUNA25/raw_splitted/labelsTs/1_2_840_113654_2_55_56886620678607933023190623819049575159.json,/opt/data/beegfs/Task023_LUNA25/raw_splitted/labelsTs/1_2_840_113654_2_55_56886620678607933023190623819049575159.nii.gz,ok,1,0,1,,1,,1,0,True,True
test,1_2_840_113654_2_55_57501218834232786417996069560281759357,/opt/data/beegfs/Task023_LUNA25/raw_splitted/labelsTs/1_2_840_113654_2_55_57501218834232786417996069560281759357.json,/opt/data/beegfs/Task023_LUNA25/raw_splitted/labelsTs/1_2_840_113654_2_55_57501218834232786417996069560281759357.nii.gz,ok,1,0,1,,1,,1,0,True,True
test,1_2_840_113654_2_55_57841574316812516830275791684149564130,/opt/data/beegfs/Task023_LUNA25/raw_splitted/labelsTs/1_2_840_113654_2_55_57841574316812516830275791684149564130.json,/opt/data/beegfs/Task023_LUNA25/raw_splitted/labelsTs/1_2_840_113654_2_55_57841574316812516830275791684149564130.nii.gz,ok,2,0,1 2,,1 2,,2,0,True,True
test,1_2_840_113654_2_55_58337172075299126046429072490894890771,/opt/data/beegfs/Task023_LUNA25/raw_splitted/labelsTs/1_2_840_113654_2_55_58337172075299126046429072490894890771.json,/opt/data/beegfs/Task023_LUNA25/raw_splitted/labelsTs/1_2_840_113654_2_55_58337172075299126046429072490894890771.nii.gz,ok,1,0,1,,1,,1,0,True,True
test,1_2_840_113654_2_55_58730600592330134300164375147313633127,/opt/data/beegfs/Task023_LUNA25/raw_splitted/labelsTs/1_2_840_113654_2_55_58730600592330134300164375147313633127.json,/opt/data/beegfs/Task023_LUNA25/raw_splitted/labelsTs/1_2_840_113654_2_55_58730600592330134300164375147313633127.nii.gz,ok,1,0,1,,1,,1,0,True,True
test,1_2_840_113654_2_55_59184923519087044524211629069404138014,/opt/data/beegfs/Task023_LUNA25/raw_splitted/labelsTs/1_2_840_113654_2_55_59184923519087044524211629069404138014.json,/opt/data/beegfs/Task023_LUNA25/raw_splitted/labelsTs/1_2_840_113654_2_55_59184923519087044524211629069404138014.nii.gz,ok,2,0,1 2,,1 2,,2,0,True,True
test,1_2_840_113654_2_55_59361336991247674328023815043659276977,/opt/data/beegfs/Task023_LUNA25/raw_splitted/labelsTs/1_2_840_113654_2_55_59361336991247674328023815043659276977.json,/opt/data/beegfs/Task023_LUNA25/raw_splitted/labelsTs/1_2_840_113654_2_55_59361336991247674328023815043659276977.nii.gz,ok,2,0,1 2,,1 2,,2,0,True,True
test,1_2_840_113654_2_55_5995000010843655892986425331797595955,/opt/data/beegfs/Task023_LUNA25/raw_splitted/labelsTs/1_2_840_113654_2_55_5995000010843655892986425331797595955.json,/opt/data/beegfs/Task023_LUNA25/raw_splitted/labelsTs/1_2_840_113654_2_55_5995000010843655892986425331797595955.nii.gz,ok,3,0,1 2 3,,1 2 3,,3,0,True,True
test,1_2_840_113654_2_55_6032498027565190169067809022467577387,/opt/data/beegfs/Task023_LUNA25/raw_splitted/labelsTs/1_2_840_113654_2_55_6032498027565190169067809022467577387.json,/opt/data/beegfs/Task023_LUNA25/raw_splitted/labelsTs/1_2_840_113654_2_55_6032498027565190169067809022467577387.nii.gz,ok,1,0,1,,1,,1,0,True,True
test,1_2_840_113654_2_55_60448594656955866990307383454806741444,/opt/data/beegfs/Task023_LUNA25/raw_splitted/labelsTs/1_2_840_113654_2_55_60448594656955866990307383454806741444.json,/opt/data/beegfs/Task023_LUNA25/raw_splitted/labelsTs/1_2_840_113654_2_55_60448594656955866990307383454806741444.nii.gz,ok,1,0,1,,1,,1,0,True,True
test,1_2_840_113654_2_55_60512685126151326761714223943836407981,/opt/data/beegfs/Task023_LUNA25/raw_splitted/labelsTs/1_2_840_113654_2_55_60512685126151326761714223943836407981.json,/opt/data/beegfs/Task023_LUNA25/raw_splitted/labelsTs/1_2_840_113654_2_55_60512685126151326761714223943836407981.nii.gz,ok,1,0,1,,1,,1,0,True,True
test,1_2_840_113654_2_55_61903292061760289613322268361515980829,/opt/data/beegfs/Task023_LUNA25/raw_splitted/labelsTs/1_2_840_113654_2_55_61903292061760289613322268361515980829.json,/opt/data/beegfs/Task023_LUNA25/raw_splitted/labelsTs/1_2_840_113654_2_55_61903292061760289613322268361515980829.nii.gz,ok,1,0,1,,1,,1,0,True,True
test,1_2_840_113654_2_55_63311878216540453636978512324217620177,/opt/data/beegfs/Task023_LUNA25/raw_splitted/labelsTs/1_2_840_113654_2_55_63311878216540453636978512324217620177.json,/opt/data/beegfs/Task023_LUNA25/raw_splitted/labelsTs/1_2_840_113654_2_55_63311878216540453636978512324217620177.nii.gz,ok,1,0,1,,1,,1,0,True,True
test,1_2_840_113654_2_55_66620708240816074223990478608626283818,/opt/data/beegfs/Task023_LUNA25/raw_splitted/labelsTs/1_2_840_113654_2_55_66620708240816074223990478608626283818.json,/opt/data/beegfs/Task023_LUNA25/raw_splitted/labelsTs/1_2_840_113654_2_55_66620708240816074223990478608626283818.nii.gz,ok,1,0,1,,1,,1,0,True,True
test,1_2_840_113654_2_55_67234856708910431444441628429858759998,/opt/data/beegfs/Task023_LUNA25/raw_splitted/labelsTs/1_2_840_113654_2_55_67234856708910431444441628429858759998.json,/opt/data/beegfs/Task023_LUNA25/raw_splitted/labelsTs/1_2_840_113654_2_55_67234856708910431444441628429858759998.nii.gz,ok,2,0,1 2,,1 2,,2,0,True,True
test,1_2_840_113654_2_55_6729155599069940985851254989656379191,/opt/data/beegfs/Task023_LUNA25/raw_splitted/labelsTs/1_2_840_113654_2_55_6729155599069940985851254989656379191.json,/opt/data/beegfs/Task023_LUNA25/raw_splitted/labelsTs/1_2_840_113654_2_55_6729155599069940985851254989656379191.nii.gz,ok,1,0,1,,1,,1,0,True,True
test,1_2_840_113654_2_55_67580196739886044330438105679046912403,/opt/data/beegfs/Task023_LUNA25/raw_splitted/labelsTs/1_2_840_113654_2_55_67580196739886044330438105679046912403.json,/opt/data/beegfs/Task023_LUNA25/raw_splitted/labelsTs/1_2_840_113654_2_55_67580196739886044330438105679046912403.nii.gz,ok,1,0,1,,1,,1,0,True,True
test,1_2_840_113654_2_55_6826128519281357308296637033136240911,/opt/data/beegfs/Task023_LUNA25/raw_splitted/labelsTs/1_2_840_113654_2_55_6826128519281357308296637033136240911.json,/opt/data/beegfs/Task023_LUNA25/raw_splitted/labelsTs/1_2_840_113654_2_55_6826128519281357308296637033136240911.nii.gz,ok,1,0,1,,1,,1,0,True,True
test,1_2_840_113654_2_55_68648218892121690706317410635829132003,/opt/data/beegfs/Task023_LUNA25/raw_splitted/labelsTs/1_2_840_113654_2_55_68648218892121690706317410635829132003.json,/opt/data/beegfs/Task023_LUNA25/raw_splitted/labelsTs/1_2_840_113654_2_55_68648218892121690706317410635829132003.nii.gz,ok,1,0,1,,1,,1,0,True,True
test,1_2_840_113654_2_55_69420181427612210645022841593841281072,/opt/data/beegfs/Task023_LUNA25/raw_splitted/labelsTs/1_2_840_113654_2_55_69420181427612210645022841593841281072.json,/opt/data/beegfs/Task023_LUNA25/raw_splitted/labelsTs/1_2_840_113654_2_55_69420181427612210645022841593841281072.nii.gz,ok,2,0,1 2,,1 2,,2,0,True,True
test,1_2_840_113654_2_55_69777647471392916351030495889689422094,/opt/data/beegfs/Task023_LUNA25/raw_splitted/labelsTs/1_2_840_113654_2_55_69777647471392916351030495889689422094.json,/opt/data/beegfs/Task023_LUNA25/raw_splitted/labelsTs/1_2_840_113654_2_55_69777647471392916351030495889689422094.nii.gz,ok,1,0,1,,1,,1,0,True,True
test,1_2_840_113654_2_55_71362357496352315887958955583613615882,/opt/data/beegfs/Task023_LUNA25/raw_splitted/labelsTs/1_2_840_113654_2_55_71362357496352315887958955583613615882.json,/opt/data/beegfs/Task023_LUNA25/raw_splitted/labelsTs/1_2_840_113654_2_55_71362357496352315887958955583613615882.nii.gz,ok,1,0,1,,1,,1,0,True,True
test,1_2_840_113654_2_55_73009349361087137081803747413480973452,/opt/data/beegfs/Task023_LUNA25/raw_splitted/labelsTs/1_2_840_113654_2_55_73009349361087137081803747413480973452.json,/opt/data/beegfs/Task023_LUNA25/raw_splitted/labelsTs/1_2_840_113654_2_55_73009349361087137081803747413480973452.nii.gz,ok,1,0,1,,1,,1,0,True,True
test,1_2_840_113654_2_55_73622541715236824292924613913323753479,/opt/data/beegfs/Task023_LUNA25/raw_splitted/labelsTs/1_2_840_113654_2_55_73622541715236824292924613913323753479.json,/opt/data/beegfs/Task023_LUNA25/raw_splitted/labelsTs/1_2_840_113654_2_55_73622541715236824292924613913323753479.nii.gz,ok,2,0,1 2,,1 2,,2,0,True,True
test,1_2_840_113654_2_55_74731387915568712744274612167020171140,/opt/data/beegfs/Task023_LUNA25/raw_splitted/labelsTs/1_2_840_113654_2_55_74731387915568712744274612167020171140.json,/opt/data/beegfs/Task023_LUNA25/raw_splitted/labelsTs/1_2_840_113654_2_55_74731387915568712744274612167020171140.nii.gz,ok,3,0,1 2 3,,1 2 3,,3,0,True,True
test,1_2_840_113654_2_55_74943633384155299173788671571710333209,/opt/data/beegfs/Task023_LUNA25/raw_splitted/labelsTs/1_2_840_113654_2_55_74943633384155299173788671571710333209.json,/opt/data/beegfs/Task023_LUNA25/raw_splitted/labelsTs/1_2_840_113654_2_55_74943633384155299173788671571710333209.nii.gz,ok,2,0,1 2,,1 2,,2,0,True,True
test,1_2_840_113654_2_55_74948788344615081371523677122150087649,/opt/data/beegfs/Task023_LUNA25/raw_splitted/labelsTs/1_2_840_113654_2_55_74948788344615081371523677122150087649.json,/opt/data/beegfs/Task023_LUNA25/raw_splitted/labelsTs/1_2_840_113654_2_55_74948788344615081371523677122150087649.nii.gz,ok,1,0,1,,1,,1,0,True,True
test,1_2_840_113654_2_55_74988646412893765650109615074718466667,/opt/data/beegfs/Task023_LUNA25/raw_splitted/labelsTs/1_2_840_113654_2_55_74988646412893765650109615074718466667.json,/opt/data/beegfs/Task023_LUNA25/raw_splitted/labelsTs/1_2_840_113654_2_55_74988646412893765650109615074718466667.nii.gz,ok,1,0,1,,1,,1,0,True,True
test,1_2_840_113654_2_55_75658678300444302974054686624347679894,/opt/data/beegfs/Task023_LUNA25/raw_splitted/labelsTs/1_2_840_113654_2_55_75658678300444302974054686624347679894.json,/opt/data/beegfs/Task023_LUNA25/raw_splitted/labelsTs/1_2_840_113654_2_55_75658678300444302974054686624347679894.nii.gz,ok,1,0,1,,1,,1,0,True,True
test,1_2_840_113654_2_55_75968833589911039583836129563843111690,/opt/data/beegfs/Task023_LUNA25/raw_splitted/labelsTs/1_2_840_113654_2_55_75968833589911039583836129563843111690.json,/opt/data/beegfs/Task023_LUNA25/raw_splitted/labelsTs/1_2_840_113654_2_55_75968833589911039583836129563843111690.nii.gz,ok,6,0,1 2 3 4 5 6,,1 2 3 4 5 6,,6,0,True,True
test,1_2_840_113654_2_55_76803068238375386018979879402647059654,/opt/data/beegfs/Task023_LUNA25/raw_splitted/labelsTs/1_2_840_113654_2_55_76803068238375386018979879402647059654.json,/opt/data/beegfs/Task023_LUNA25/raw_splitted/labelsTs/1_2_840_113654_2_55_76803068238375386018979879402647059654.nii.gz,ok,1,0,1,,1,,1,0,True,True
test,1_2_840_113654_2_55_7694395205924702774051162759175546210,/opt/data/beegfs/Task023_LUNA25/raw_splitted/labelsTs/1_2_840_113654_2_55_7694395205924702774051162759175546210.json,/opt/data/beegfs/Task023_LUNA25/raw_splitted/labelsTs/1_2_840_113654_2_55_7694395205924702774051162759175546210.nii.gz,ok,4,0,1 2 3 4,,1 2 3 4,,4,0,True,True
test,1_2_840_113654_2_55_77963066942809127284230900158781302820,/opt/data/beegfs/Task023_LUNA25/raw_splitted/labelsTs/1_2_840_113654_2_55_77963066942809127284230900158781302820.json,/opt/data/beegfs/Task023_LUNA25/raw_splitted/labelsTs/1_2_840_113654_2_55_77963066942809127284230900158781302820.nii.gz,ok,1,0,1,,1,,1,0,True,True
test,1_2_840_113654_2_55_78958542850344222630066635318925031987,/opt/data/beegfs/Task023_LUNA25/raw_splitted/labelsTs/1_2_840_113654_2_55_78958542850344222630066635318925031987.json,/opt/data/beegfs/Task023_LUNA25/raw_splitted/labelsTs/1_2_840_113654_2_55_78958542850344222630066635318925031987.nii.gz,ok,1,0,1,,1,,1,0,True,True
test,1_2_840_113654_2_55_79218608760709510782782517447904332695,/opt/data/beegfs/Task023_LUNA25/raw_splitted/labelsTs/1_2_840_113654_2_55_79218608760709510782782517447904332695.json,/opt/data/beegfs/Task023_LUNA25/raw_splitted/labelsTs/1_2_840_113654_2_55_79218608760709510782782517447904332695.nii.gz,ok,1,0,1,,1,,1,0,True,True
test,1_2_840_113654_2_55_79387694977377854671154608191195835685,/opt/data/beegfs/Task023_LUNA25/raw_splitted/labelsTs/1_2_840_113654_2_55_79387694977377854671154608191195835685.json,/opt/data/beegfs/Task023_LUNA25/raw_splitted/labelsTs/1_2_840_113654_2_55_79387694977377854671154608191195835685.nii.gz,ok,1,0,1,,1,,1,0,True,True
test,1_2_840_113654_2_55_8049468735306529279998139771853471864,/opt/data/beegfs/Task023_LUNA25/raw_splitted/labelsTs/1_2_840_113654_2_55_8049468735306529279998139771853471864.json,/opt/data/beegfs/Task023_LUNA25/raw_splitted/labelsTs/1_2_840_113654_2_55_8049468735306529279998139771853471864.nii.gz,ok,1,0,1,,1,,1,0,True,True
test,1_2_840_113654_2_55_81154972349374942499227462191143063782,/opt/data/beegfs/Task023_LUNA25/raw_splitted/labelsTs/1_2_840_113654_2_55_81154972349374942499227462191143063782.json,/opt/data/beegfs/Task023_LUNA25/raw_splitted/labelsTs/1_2_840_113654_2_55_81154972349374942499227462191143063782.nii.gz,ok,1,0,1,,1,,1,0,True,True
test,1_2_840_113654_2_55_81551146713058049398246975505205732108,/opt/data/beegfs/Task023_LUNA25/raw_splitted/labelsTs/1_2_840_113654_2_55_81551146713058049398246975505205732108.json,/opt/data/beegfs/Task023_LUNA25/raw_splitted/labelsTs/1_2_840_113654_2_55_81551146713058049398246975505205732108.nii.gz,ok,1,0,1,,1,,1,0,True,True
test,1_2_840_113654_2_55_82737103980247674300649127706297568515,/opt/data/beegfs/Task023_LUNA25/raw_splitted/labelsTs/1_2_840_113654_2_55_82737103980247674300649127706297568515.json,/opt/data/beegfs/Task023_LUNA25/raw_splitted/labelsTs/1_2_840_113654_2_55_82737103980247674300649127706297568515.nii.gz,ok,1,0,1,,1,,1,0,True,True
test,1_2_840_113654_2_55_83038410392393020172485066074250842796,/opt/data/beegfs/Task023_LUNA25/raw_splitted/labelsTs/1_2_840_113654_2_55_83038410392393020172485066074250842796.json,/opt/data/beegfs/Task023_LUNA25/raw_splitted/labelsTs/1_2_840_113654_2_55_83038410392393020172485066074250842796.nii.gz,ok,1,0,1,,1,,1,0,True,True
test,1_2_840_113654_2_55_83099923938714291995130780854918793444,/opt/data/beegfs/Task023_LUNA25/raw_splitted/labelsTs/1_2_840_113654_2_55_83099923938714291995130780854918793444.json,/opt/data/beegfs/Task023_LUNA25/raw_splitted/labelsTs/1_2_840_113654_2_55_83099923938714291995130780854918793444.nii.gz,ok,1,0,1,,1,,1,0,True,True
test,1_2_840_113654_2_55_84189870760874929979493668848692297025,/opt/data/beegfs/Task023_LUNA25/raw_splitted/labelsTs/1_2_840_113654_2_55_84189870760874929979493668848692297025.json,/opt/data/beegfs/Task023_LUNA25/raw_splitted/labelsTs/1_2_840_113654_2_55_84189870760874929979493668848692297025.nii.gz,ok,1,0,1,,1,,1,0,True,True
test,1_2_840_113654_2_55_84293325801386211175446326297875715804,/opt/data/beegfs/Task023_LUNA25/raw_splitted/labelsTs/1_2_840_113654_2_55_84293325801386211175446326297875715804.json,/opt/data/beegfs/Task023_LUNA25/raw_splitted/labelsTs/1_2_840_113654_2_55_84293325801386211175446326297875715804.nii.gz,ok,2,0,1 2,,1 2,,2,0,True,True
test,1_2_840_113654_2_55_85477854564080934873105666986869099262,/opt/data/beegfs/Task023_LUNA25/raw_splitted/labelsTs/1_2_840_113654_2_55_85477854564080934873105666986869099262.json,/opt/data/beegfs/Task023_LUNA25/raw_splitted/labelsTs/1_2_840_113654_2_55_85477854564080934873105666986869099262.nii.gz,ok,1,0,1,,1,,1,0,True,True
test,1_2_840_113654_2_55_86201565531856112701935594436364985111,/opt/data/beegfs/Task023_LUNA25/raw_splitted/labelsTs/1_2_840_113654_2_55_86201565531856112701935594436364985111.json,/opt/data/beegfs/Task023_LUNA25/raw_splitted/labelsTs/1_2_840_113654_2_55_86201565531856112701935594436364985111.nii.gz,ok,1,0,1,,1,,1,0,True,True
test,1_2_840_113654_2_55_8624787406986362205134915204569399721,/opt/data/beegfs/Task023_LUNA25/raw_splitted/labelsTs/1_2_840_113654_2_55_8624787406986362205134915204569399721.json,/opt/data/beegfs/Task023_LUNA25/raw_splitted/labelsTs/1_2_840_113654_2_55_8624787406986362205134915204569399721.nii.gz,ok,1,0,1,,1,,1,0,True,True
test,1_2_840_113654_2_55_86762809941873500385418471045683687685,/opt/data/beegfs/Task023_LUNA25/raw_splitted/labelsTs/1_2_840_113654_2_55_86762809941873500385418471045683687685.json,/opt/data/beegfs/Task023_LUNA25/raw_splitted/labelsTs/1_2_840_113654_2_55_86762809941873500385418471045683687685.nii.gz,ok,2,0,1 2,,1 2,,2,0,True,True
test,1_2_840_113654_2_55_87796000685588733324625280071586129280,/opt/data/beegfs/Task023_LUNA25/raw_splitted/labelsTs/1_2_840_113654_2_55_87796000685588733324625280071586129280.json,/opt/data/beegfs/Task023_LUNA25/raw_splitted/labelsTs/1_2_840_113654_2_55_87796000685588733324625280071586129280.nii.gz,ok,1,0,1,,1,,1,0,True,True
test,1_2_840_113654_2_55_88739466230757693053756610806429443338,/opt/data/beegfs/Task023_LUNA25/raw_splitted/labelsTs/1_2_840_113654_2_55_88739466230757693053756610806429443338.json,/opt/data/beegfs/Task023_LUNA25/raw_splitted/labelsTs/1_2_840_113654_2_55_88739466230757693053756610806429443338.nii.gz,ok,1,0,1,,1,,1,0,True,True
test,1_2_840_113654_2_55_8960607022055945717828227013678708482,/opt/data/beegfs/Task023_LUNA25/raw_splitted/labelsTs/1_2_840_113654_2_55_8960607022055945717828227013678708482.json,/opt/data/beegfs/Task023_LUNA25/raw_splitted/labelsTs/1_2_840_113654_2_55_8960607022055945717828227013678708482.nii.gz,ok,1,0,1,,1,,1,0,True,True
test,1_2_840_113654_2_55_89807759908895591032049335991091731003,/opt/data/beegfs/Task023_LUNA25/raw_splitted/labelsTs/1_2_840_113654_2_55_89807759908895591032049335991091731003.json,/opt/data/beegfs/Task023_LUNA25/raw_splitted/labelsTs/1_2_840_113654_2_55_89807759908895591032049335991091731003.nii.gz,ok,1,0,1,,1,,1,0,True,True
test,1_2_840_113654_2_55_90241306463204207646369081662574679565,/opt/data/beegfs/Task023_LUNA25/raw_splitted/labelsTs/1_2_840_113654_2_55_90241306463204207646369081662574679565.json,/opt/data/beegfs/Task023_LUNA25/raw_splitted/labelsTs/1_2_840_113654_2_55_90241306463204207646369081662574679565.nii.gz,ok,1,0,1,,1,,1,0,True,True
test,1_2_840_113654_2_55_90251632742193084242021268220411292332,/opt/data/beegfs/Task023_LUNA25/raw_splitted/labelsTs/1_2_840_113654_2_55_90251632742193084242021268220411292332.json,/opt/data/beegfs/Task023_LUNA25/raw_splitted/labelsTs/1_2_840_113654_2_55_90251632742193084242021268220411292332.nii.gz,ok,1,0,1,,1,,1,0,True,True
test,1_2_840_113654_2_55_9107493885695730190618999283341313892,/opt/data/beegfs/Task023_LUNA25/raw_splitted/labelsTs/1_2_840_113654_2_55_9107493885695730190618999283341313892.json,/opt/data/beegfs/Task023_LUNA25/raw_splitted/labelsTs/1_2_840_113654_2_55_9107493885695730190618999283341313892.nii.gz,ok,2,0,1 2,,1 2,,2,0,True,True
test,1_2_840_113654_2_55_91653252568953635430412809165217801372,/opt/data/beegfs/Task023_LUNA25/raw_splitted/labelsTs/1_2_840_113654_2_55_91653252568953635430412809165217801372.json,/opt/data/beegfs/Task023_LUNA25/raw_splitted/labelsTs/1_2_840_113654_2_55_91653252568953635430412809165217801372.nii.gz,ok,1,0,1,,1,,1,0,True,True
test,1_2_840_113654_2_55_92401569793765859826922729028694098224,/opt/data/beegfs/Task023_LUNA25/raw_splitted/labelsTs/1_2_840_113654_2_55_92401569793765859826922729028694098224.json,/opt/data/beegfs/Task023_LUNA25/raw_splitted/labelsTs/1_2_840_113654_2_55_92401569793765859826922729028694098224.nii.gz,ok,1,0,1,,1,,1,0,True,True
test,1_2_840_113654_2_55_92816597393731599623831568918216415797,/opt/data/beegfs/Task023_LUNA25/raw_splitted/labelsTs/1_2_840_113654_2_55_92816597393731599623831568918216415797.json,/opt/data/beegfs/Task023_LUNA25/raw_splitted/labelsTs/1_2_840_113654_2_55_92816597393731599623831568918216415797.nii.gz,ok,1,0,1,,1,,1,0,True,True
test,1_2_840_113654_2_55_92856426022563169016154986812279176014,/opt/data/beegfs/Task023_LUNA25/raw_splitted/labelsTs/1_2_840_113654_2_55_92856426022563169016154986812279176014.json,/opt/data/beegfs/Task023_LUNA25/raw_splitted/labelsTs/1_2_840_113654_2_55_92856426022563169016154986812279176014.nii.gz,ok,2,0,1 2,,1 2,,2,0,True,True
test,1_2_840_113654_2_55_93873561992084240674654255737931427285,/opt/data/beegfs/Task023_LUNA25/raw_splitted/labelsTs/1_2_840_113654_2_55_93873561992084240674654255737931427285.json,/opt/data/beegfs/Task023_LUNA25/raw_splitted/labelsTs/1_2_840_113654_2_55_93873561992084240674654255737931427285.nii.gz,ok,2,0,1 2,,1 2,,2,0,True,True
test,1_2_840_113654_2_55_94873668316514708992164918999968000002,/opt/data/beegfs/Task023_LUNA25/raw_splitted/labelsTs/1_2_840_113654_2_55_94873668316514708992164918999968000002.json,/opt/data/beegfs/Task023_LUNA25/raw_splitted/labelsTs/1_2_840_113654_2_55_94873668316514708992164918999968000002.nii.gz,ok,3,0,1 2 3,,1 2 3,,3,0,True,True
test,1_2_840_113654_2_55_95151767910746517482594359956181782250,/opt/data/beegfs/Task023_LUNA25/raw_splitted/labelsTs/1_2_840_113654_2_55_95151767910746517482594359956181782250.json,/opt/data/beegfs/Task023_LUNA25/raw_splitted/labelsTs/1_2_840_113654_2_55_95151767910746517482594359956181782250.nii.gz,ok,2,0,1 2,,1 2,,2,0,True,True
test,1_2_840_113654_2_55_95777266530018336200609740955121863480,/opt/data/beegfs/Task023_LUNA25/raw_splitted/labelsTs/1_2_840_113654_2_55_95777266530018336200609740955121863480.json,/opt/data/beegfs/Task023_LUNA25/raw_splitted/labelsTs/1_2_840_113654_2_55_95777266530018336200609740955121863480.nii.gz,ok,3,0,1 2 3,,1 2 3,,3,0,True,True
test,1_2_840_113654_2_55_97748663689363400990619284316366285879,/opt/data/beegfs/Task023_LUNA25/raw_splitted/labelsTs/1_2_840_113654_2_55_97748663689363400990619284316366285879.json,/opt/data/beegfs/Task023_LUNA25/raw_splitted/labelsTs/1_2_840_113654_2_55_97748663689363400990619284316366285879.nii.gz,ok,1,0,1,,1,,1,0,True,True
test,1_2_840_113654_2_55_98107972720003998892122802263137643444,/opt/data/beegfs/Task023_LUNA25/raw_splitted/labelsTs/1_2_840_113654_2_55_98107972720003998892122802263137643444.json,/opt/data/beegfs/Task023_LUNA25/raw_splitted/labelsTs/1_2_840_113654_2_55_98107972720003998892122802263137643444.nii.gz,ok,1,0,1,,1,,1,0,True,True
test,1_2_840_113654_2_55_98466084318759811856181810194961675884,/opt/data/beegfs/Task023_LUNA25/raw_splitted/labelsTs/1_2_840_113654_2_55_98466084318759811856181810194961675884.json,/opt/data/beegfs/Task023_LUNA25/raw_splitted/labelsTs/1_2_840_113654_2_55_98466084318759811856181810194961675884.nii.gz,ok,2,0,1 2,,1 2,,2,0,True,True
test,1_2_840_113654_2_55_98849493924214725018549691699151244742,/opt/data/beegfs/Task023_LUNA25/raw_splitted/labelsTs/1_2_840_113654_2_55_98849493924214725018549691699151244742.json,/opt/data/beegfs/Task023_LUNA25/raw_splitted/labelsTs/1_2_840_113654_2_55_98849493924214725018549691699151244742.nii.gz,ok,1,0,1,,1,,1,0,True,True
test,1_2_840_113654_2_55_98880321319421883874939388293571954611,/opt/data/beegfs/Task023_LUNA25/raw_splitted/labelsTs/1_2_840_113654_2_55_98880321319421883874939388293571954611.json,/opt/data/beegfs/Task023_LUNA25/raw_splitted/labelsTs/1_2_840_113654_2_55_98880321319421883874939388293571954611.nii.gz,ok,2,0,1 2,,1 2,,2,0,True,True
test,1_3_6_1_4_1_14519_5_2_1_7009_9004_106479287494548916019701645145,/opt/data/beegfs/Task023_LUNA25/raw_splitted/labelsTs/1_3_6_1_4_1_14519_5_2_1_7009_9004_106479287494548916019701645145.json,/opt/data/beegfs/Task023_LUNA25/raw_splitted/labelsTs/1_3_6_1_4_1_14519_5_2_1_7009_9004_106479287494548916019701645145.nii.gz,ok,1,0,1,,1,,1,0,True,True
test,1_3_6_1_4_1_14519_5_2_1_7009_9004_107206486879408274886009676215,/opt/data/beegfs/Task023_LUNA25/raw_splitted/labelsTs/1_3_6_1_4_1_14519_5_2_1_7009_9004_107206486879408274886009676215.json,/opt/data/beegfs/Task023_LUNA25/raw_splitted/labelsTs/1_3_6_1_4_1_14519_5_2_1_7009_9004_107206486879408274886009676215.nii.gz,ok,1,0,1,,1,,1,0,True,True
test,1_3_6_1_4_1_14519_5_2_1_7009_9004_107299417328234047023387427624,/opt/data/beegfs/Task023_LUNA25/raw_splitted/labelsTs/1_3_6_1_4_1_14519_5_2_1_7009_9004_107299417328234047023387427624.json,/opt/data/beegfs/Task023_LUNA25/raw_splitted/labelsTs/1_3_6_1_4_1_14519_5_2_1_7009_9004_107299417328234047023387427624.nii.gz,ok,1,0,1,,1,,1,0,True,True
test,1_3_6_1_4_1_14519_5_2_1_7009_9004_107382970254170733144698756363,/opt/data/beegfs/Task023_LUNA25/raw_splitted/labelsTs/1_3_6_1_4_1_14519_5_2_1_7009_9004_107382970254170733144698756363.json,/opt/data/beegfs/Task023_LUNA25/raw_splitted/labelsTs/1_3_6_1_4_1_14519_5_2_1_7009_9004_107382970254170733144698756363.nii.gz,ok,1,0,1,,1,,1,0,True,True
test,1_3_6_1_4_1_14519_5_2_1_7009_9004_107926606736506106901973163405,/opt/data/beegfs/Task023_LUNA25/raw_splitted/labelsTs/1_3_6_1_4_1_14519_5_2_1_7009_9004_107926606736506106901973163405.json,/opt/data/beegfs/Task023_LUNA25/raw_splitted/labelsTs/1_3_6_1_4_1_14519_5_2_1_7009_9004_107926606736506106901973163405.nii.gz,ok,1,0,1,,1,,1,0,True,True
test,1_3_6_1_4_1_14519_5_2_1_7009_9004_107956944114619531085141648509,/opt/data/beegfs/Task023_LUNA25/raw_splitted/labelsTs/1_3_6_1_4_1_14519_5_2_1_7009_9004_107956944114619531085141648509.json,/opt/data/beegfs/Task023_LUNA25/raw_splitted/labelsTs/1_3_6_1_4_1_14519_5_2_1_7009_9004_107956944114619531085141648509.nii.gz,ok,2,0,1 2,,1 2,,2,0,True,True
test,1_3_6_1_4_1_14519_5_2_1_7009_9004_110564479077464108932103555942,/opt/data/beegfs/Task023_LUNA25/raw_splitted/labelsTs/1_3_6_1_4_1_14519_5_2_1_7009_9004_110564479077464108932103555942.json,/opt/data/beegfs/Task023_LUNA25/raw_splitted/labelsTs/1_3_6_1_4_1_14519_5_2_1_7009_9004_110564479077464108932103555942.nii.gz,ok,1,0,1,,1,,1,0,True,True
test,1_3_6_1_4_1_14519_5_2_1_7009_9004_110683614017663402137483619047,/opt/data/beegfs/Task023_LUNA25/raw_splitted/labelsTs/1_3_6_1_4_1_14519_5_2_1_7009_9004_110683614017663402137483619047.json,/opt/data/beegfs/Task023_LUNA25/raw_splitted/labelsTs/1_3_6_1_4_1_14519_5_2_1_7009_9004_110683614017663402137483619047.nii.gz,ok,5,0,1 2 3 4 5,,1 2 3 4 5,,5,0,True,True
test,1_3_6_1_4_1_14519_5_2_1_7009_9004_112030069819927361577442430818,/opt/data/beegfs/Task023_LUNA25/raw_splitted/labelsTs/1_3_6_1_4_1_14519_5_2_1_7009_9004_112030069819927361577442430818.json,/opt/data/beegfs/Task023_LUNA25/raw_splitted/labelsTs/1_3_6_1_4_1_14519_5_2_1_7009_9004_112030069819927361577442430818.nii.gz,ok,1,0,1,,1,,1,0,True,True
test,1_3_6_1_4_1_14519_5_2_1_7009_9004_113272411556430637649907779114,/opt/data/beegfs/Task023_LUNA25/raw_splitted/labelsTs/1_3_6_1_4_1_14519_5_2_1_7009_9004_113272411556430637649907779114.json,/opt/data/beegfs/Task023_LUNA25/raw_splitted/labelsTs/1_3_6_1_4_1_14519_5_2_1_7009_9004_113272411556430637649907779114.nii.gz,ok,1,0,1,,1,,1,0,True,True
test,1_3_6_1_4_1_14519_5_2_1_7009_9004_113485382374310401425757079548,/opt/data/beegfs/Task023_LUNA25/raw_splitted/labelsTs/1_3_6_1_4_1_14519_5_2_1_7009_9004_113485382374310401425757079548.json,/opt/data/beegfs/Task023_LUNA25/raw_splitted/labelsTs/1_3_6_1_4_1_14519_5_2_1_7009_9004_113485382374310401425757079548.nii.gz,ok,3,0,1 2 3,,1 2 3,,3,0,True,True
test,1_3_6_1_4_1_14519_5_2_1_7009_9004_114215946122999717798991524798,/opt/data/beegfs/Task023_LUNA25/raw_splitted/labelsTs/1_3_6_1_4_1_14519_5_2_1_7009_9004_114215946122999717798991524798.json,/opt/data/beegfs/Task023_LUNA25/raw_splitted/labelsTs/1_3_6_1_4_1_14519_5_2_1_7009_9004_114215946122999717798991524798.nii.gz,ok,1,0,1,,1,,1,0,True,True
test,1_3_6_1_4_1_14519_5_2_1_7009_9004_114236143972242312019245521578,/opt/data/beegfs/Task023_LUNA25/raw_splitted/labelsTs/1_3_6_1_4_1_14519_5_2_1_7009_9004_114236143972242312019245521578.json,/opt/data/beegfs/Task023_LUNA25/raw_splitted/labelsTs/1_3_6_1_4_1_14519_5_2_1_7009_9004_114236143972242312019245521578.nii.gz,ok,2,0,1 2,,1 2,,2,0,True,True
test,1_3_6_1_4_1_14519_5_2_1_7009_9004_115306161827798335724668734142,/opt/data/beegfs/Task023_LUNA25/raw_splitted/labelsTs/1_3_6_1_4_1_14519_5_2_1_7009_9004_115306161827798335724668734142.json,/opt/data/beegfs/Task023_LUNA25/raw_splitted/labelsTs/1_3_6_1_4_1_14519_5_2_1_7009_9004_115306161827798335724668734142.nii.gz,ok,1,0,1,,1,,1,0,True,True
test,1_3_6_1_4_1_14519_5_2_1_7009_9004_118480120305593144977418793167,/opt/data/beegfs/Task023_LUNA25/raw_splitted/labelsTs/1_3_6_1_4_1_14519_5_2_1_7009_9004_118480120305593144977418793167.json,/opt/data/beegfs/Task023_LUNA25/raw_splitted/labelsTs/1_3_6_1_4_1_14519_5_2_1_7009_9004_118480120305593144977418793167.nii.gz,ok,2,0,1 2,,1 2,,2,0,True,True
test,1_3_6_1_4_1_14519_5_2_1_7009_9004_119355095910128443842405324808,/opt/data/beegfs/Task023_LUNA25/raw_splitted/labelsTs/1_3_6_1_4_1_14519_5_2_1_7009_9004_119355095910128443842405324808.json,/opt/data/beegfs/Task023_LUNA25/raw_splitted/labelsTs/1_3_6_1_4_1_14519_5_2_1_7009_9004_119355095910128443842405324808.nii.gz,ok,1,0,1,,1,,1,0,True,True
test,1_3_6_1_4_1_14519_5_2_1_7009_9004_120113871946116117204813987192,/opt/data/beegfs/Task023_LUNA25/raw_splitted/labelsTs/1_3_6_1_4_1_14519_5_2_1_7009_9004_120113871946116117204813987192.json,/opt/data/beegfs/Task023_LUNA25/raw_splitted/labelsTs/1_3_6_1_4_1_14519_5_2_1_7009_9004_120113871946116117204813987192.nii.gz,ok,6,0,1 2 3 4 5 6,,1 2 3 4 5 6,,6,0,True,True
test,1_3_6_1_4_1_14519_5_2_1_7009_9004_120870939112305345156473645926,/opt/data/beegfs/Task023_LUNA25/raw_splitted/labelsTs/1_3_6_1_4_1_14519_5_2_1_7009_9004_120870939112305345156473645926.json,/opt/data/beegfs/Task023_LUNA25/raw_splitted/labelsTs/1_3_6_1_4_1_14519_5_2_1_7009_9004_120870939112305345156473645926.nii.gz,ok,1,0,1,,1,,1,0,True,True
test,1_3_6_1_4_1_14519_5_2_1_7009_9004_121016733134103468839858721736,/opt/data/beegfs/Task023_LUNA25/raw_splitted/labelsTs/1_3_6_1_4_1_14519_5_2_1_7009_9004_121016733134103468839858721736.json,/opt/data/beegfs/Task023_LUNA25/raw_splitted/labelsTs/1_3_6_1_4_1_14519_5_2_1_7009_9004_121016733134103468839858721736.nii.gz,ok,3,0,1 2 3,,1 2 3,,3,0,True,True
test,1_3_6_1_4_1_14519_5_2_1_7009_9004_124123198161266514253253434138,/opt/data/beegfs/Task023_LUNA25/raw_splitted/labelsTs/1_3_6_1_4_1_14519_5_2_1_7009_9004_124123198161266514253253434138.json,/opt/data/beegfs/Task023_LUNA25/raw_splitted/labelsTs/1_3_6_1_4_1_14519_5_2_1_7009_9004_124123198161266514253253434138.nii.gz,ok,1,0,1,,1,,1,0,True,True
test,1_3_6_1_4_1_14519_5_2_1_7009_9004_124795040520130215686119862224,/opt/data/beegfs/Task023_LUNA25/raw_splitted/labelsTs/1_3_6_1_4_1_14519_5_2_1_7009_9004_124795040520130215686119862224.json,/opt/data/beegfs/Task023_LUNA25/raw_splitted/labelsTs/1_3_6_1_4_1_14519_5_2_1_7009_9004_124795040520130215686119862224.nii.gz,ok,2,0,1 2,,1 2,,2,0,True,True
test,1_3_6_1_4_1_14519_5_2_1_7009_9004_127273762562290319544122257249,/opt/data/beegfs/Task023_LUNA25/raw_splitted/labelsTs/1_3_6_1_4_1_14519_5_2_1_7009_9004_127273762562290319544122257249.json,/opt/data/beegfs/Task023_LUNA25/raw_splitted/labelsTs/1_3_6_1_4_1_14519_5_2_1_7009_9004_127273762562290319544122257249.nii.gz,ok,1,0,1,,1,,1,0,True,True
test,1_3_6_1_4_1_14519_5_2_1_7009_9004_129860662005796277787734554051,/opt/data/beegfs/Task023_LUNA25/raw_splitted/labelsTs/1_3_6_1_4_1_14519_5_2_1_7009_9004_129860662005796277787734554051.json,/opt/data/beegfs/Task023_LUNA25/raw_splitted/labelsTs/1_3_6_1_4_1_14519_5_2_1_7009_9004_129860662005796277787734554051.nii.gz,ok,1,0,1,,1,,1,0,True,True
test,1_3_6_1_4_1_14519_5_2_1_7009_9004_130899157122224000055388738766,/opt/data/beegfs/Task023_LUNA25/raw_splitted/labelsTs/1_3_6_1_4_1_14519_5_2_1_7009_9004_130899157122224000055388738766.json,/opt/data/beegfs/Task023_LUNA25/raw_splitted/labelsTs/1_3_6_1_4_1_14519_5_2_1_7009_9004_130899157122224000055388738766.nii.gz,ok,2,0,1 2,,1 2,,2,0,True,True
test,1_3_6_1_4_1_14519_5_2_1_7009_9004_130943409097479859133057654087,/opt/data/beegfs/Task023_LUNA25/raw_splitted/labelsTs/1_3_6_1_4_1_14519_5_2_1_7009_9004_130943409097479859133057654087.json,/opt/data/beegfs/Task023_LUNA25/raw_splitted/labelsTs/1_3_6_1_4_1_14519_5_2_1_7009_9004_130943409097479859133057654087.nii.gz,ok,1,0,1,,1,,1,0,True,True
test,1_3_6_1_4_1_14519_5_2_1_7009_9004_131638830549400814544916488258,/opt/data/beegfs/Task023_LUNA25/raw_splitted/labelsTs/1_3_6_1_4_1_14519_5_2_1_7009_9004_131638830549400814544916488258.json,/opt/data/beegfs/Task023_LUNA25/raw_splitted/labelsTs/1_3_6_1_4_1_14519_5_2_1_7009_9004_131638830549400814544916488258.nii.gz,ok,1,0,1,,1,,1,0,True,True
test,1_3_6_1_4_1_14519_5_2_1_7009_9004_131789187696638200912229583752,/opt/data/beegfs/Task023_LUNA25/raw_splitted/labelsTs/1_3_6_1_4_1_14519_5_2_1_7009_9004_131789187696638200912229583752.json,/opt/data/beegfs/Task023_LUNA25/raw_splitted/labelsTs/1_3_6_1_4_1_14519_5_2_1_7009_9004_131789187696638200912229583752.nii.gz,ok,2,0,1 2,,1 2,,2,0,True,True
test,1_3_6_1_4_1_14519_5_2_1_7009_9004_131978485513531849948809969020,/opt/data/beegfs/Task023_LUNA25/raw_splitted/labelsTs/1_3_6_1_4_1_14519_5_2_1_7009_9004_131978485513531849948809969020.json,/opt/data/beegfs/Task023_LUNA25/raw_splitted/labelsTs/1_3_6_1_4_1_14519_5_2_1_7009_9004_131978485513531849948809969020.nii.gz,ok,1,0,1,,1,,1,0,True,True
test,1_3_6_1_4_1_14519_5_2_1_7009_9004_132159802173217692895700331950,/opt/data/beegfs/Task023_LUNA25/raw_splitted/labelsTs/1_3_6_1_4_1_14519_5_2_1_7009_9004_132159802173217692895700331950.json,/opt/data/beegfs/Task023_LUNA25/raw_splitted/labelsTs/1_3_6_1_4_1_14519_5_2_1_7009_9004_132159802173217692895700331950.nii.gz,ok,2,0,1 2,,1 2,,2,0,True,True
test,1_3_6_1_4_1_14519_5_2_1_7009_9004_133458457674502234162562970110,/opt/data/beegfs/Task023_LUNA25/raw_splitted/labelsTs/1_3_6_1_4_1_14519_5_2_1_7009_9004_133458457674502234162562970110.json,/opt/data/beegfs/Task023_LUNA25/raw_splitted/labelsTs/1_3_6_1_4_1_14519_5_2_1_7009_9004_133458457674502234162562970110.nii.gz,ok,1,0,1,,1,,1,0,True,True
test,1_3_6_1_4_1_14519_5_2_1_7009_9004_134740686440019243730823686327,/opt/data/beegfs/Task023_LUNA25/raw_splitted/labelsTs/1_3_6_1_4_1_14519_5_2_1_7009_9004_134740686440019243730823686327.json,/opt/data/beegfs/Task023_LUNA25/raw_splitted/labelsTs/1_3_6_1_4_1_14519_5_2_1_7009_9004_134740686440019243730823686327.nii.gz,ok,2,0,1 2,,1 2,,2,0,True,True
test,1_3_6_1_4_1_14519_5_2_1_7009_9004_135050882061060621215398165933,/opt/data/beegfs/Task023_LUNA25/raw_splitted/labelsTs/1_3_6_1_4_1_14519_5_2_1_7009_9004_135050882061060621215398165933.json,/opt/data/beegfs/Task023_LUNA25/raw_splitted/labelsTs/1_3_6_1_4_1_14519_5_2_1_7009_9004_135050882061060621215398165933.nii.gz,ok,1,0,1,,1,,1,0,True,True
test,1_3_6_1_4_1_14519_5_2_1_7009_9004_135616873040803943602241126935,/opt/data/beegfs/Task023_LUNA25/raw_splitted/labelsTs/1_3_6_1_4_1_14519_5_2_1_7009_9004_135616873040803943602241126935.json,/opt/data/beegfs/Task023_LUNA25/raw_splitted/labelsTs/1_3_6_1_4_1_14519_5_2_1_7009_9004_135616873040803943602241126935.nii.gz,ok,1,0,1,,1,,1,0,True,True
test,1_3_6_1_4_1_14519_5_2_1_7009_9004_136301467432372202868821109113,/opt/data/beegfs/Task023_LUNA25/raw_splitted/labelsTs/1_3_6_1_4_1_14519_5_2_1_7009_9004_136301467432372202868821109113.json,/opt/data/beegfs/Task023_LUNA25/raw_splitted/labelsTs/1_3_6_1_4_1_14519_5_2_1_7009_9004_136301467432372202868821109113.nii.gz,ok,1,0,1,,1,,1,0,True,True
test,1_3_6_1_4_1_14519_5_2_1_7009_9004_136944259568895477028114777612,/opt/data/beegfs/Task023_LUNA25/raw_splitted/labelsTs/1_3_6_1_4_1_14519_5_2_1_7009_9004_136944259568895477028114777612.json,/opt/data/beegfs/Task023_LUNA25/raw_splitted/labelsTs/1_3_6_1_4_1_14519_5_2_1_7009_9004_136944259568895477028114777612.nii.gz,ok,4,0,1 2 3 4,,1 2 3 4,,4,0,True,True
test,1_3_6_1_4_1_14519_5_2_1_7009_9004_137436990431706275085807042518,/opt/data/beegfs/Task023_LUNA25/raw_splitted/labelsTs/1_3_6_1_4_1_14519_5_2_1_7009_9004_137436990431706275085807042518.json,/opt/data/beegfs/Task023_LUNA25/raw_splitted/labelsTs/1_3_6_1_4_1_14519_5_2_1_7009_9004_137436990431706275085807042518.nii.gz,ok,1,0,1,,1,,1,0,True,True
test,1_3_6_1_4_1_14519_5_2_1_7009_9004_138970110649833242461752855175,/opt/data/beegfs/Task023_LUNA25/raw_splitted/labelsTs/1_3_6_1_4_1_14519_5_2_1_7009_9004_138970110649833242461752855175.json,/opt/data/beegfs/Task023_LUNA25/raw_splitted/labelsTs/1_3_6_1_4_1_14519_5_2_1_7009_9004_138970110649833242461752855175.nii.gz,ok,1,0,1,,1,,1,0,True,True
test,1_3_6_1_4_1_14519_5_2_1_7009_9004_140240764804498960284884951036,/opt/data/beegfs/Task023_LUNA25/raw_splitted/labelsTs/1_3_6_1_4_1_14519_5_2_1_7009_9004_140240764804498960284884951036.json,/opt/data/beegfs/Task023_LUNA25/raw_splitted/labelsTs/1_3_6_1_4_1_14519_5_2_1_7009_9004_140240764804498960284884951036.nii.gz,ok,1,0,1,,1,,1,0,True,True
test,1_3_6_1_4_1_14519_5_2_1_7009_9004_140325825264455771625503438954,/opt/data/beegfs/Task023_LUNA25/raw_splitted/labelsTs/1_3_6_1_4_1_14519_5_2_1_7009_9004_140325825264455771625503438954.json,/opt/data/beegfs/Task023_LUNA25/raw_splitted/labelsTs/1_3_6_1_4_1_14519_5_2_1_7009_9004_140325825264455771625503438954.nii.gz,ok,1,0,1,,1,,1,0,True,True
test,1_3_6_1_4_1_14519_5_2_1_7009_9004_141983716075685312857037622592,/opt/data/beegfs/Task023_LUNA25/raw_splitted/labelsTs/1_3_6_1_4_1_14519_5_2_1_7009_9004_141983716075685312857037622592.json,/opt/data/beegfs/Task023_LUNA25/raw_splitted/labelsTs/1_3_6_1_4_1_14519_5_2_1_7009_9004_141983716075685312857037622592.nii.gz,ok,1,0,1,,1,,1,0,True,True
test,1_3_6_1_4_1_14519_5_2_1_7009_9004_142032562550906230315556680022,/opt/data/beegfs/Task023_LUNA25/raw_splitted/labelsTs/1_3_6_1_4_1_14519_5_2_1_7009_9004_142032562550906230315556680022.json,/opt/data/beegfs/Task023_LUNA25/raw_splitted/labelsTs/1_3_6_1_4_1_14519_5_2_1_7009_9004_142032562550906230315556680022.nii.gz,ok,3,0,1 2 3,,1 2 3,,3,0,True,True
test,1_3_6_1_4_1_14519_5_2_1_7009_9004_142875653921026740259047702306,/opt/data/beegfs/Task023_LUNA25/raw_splitted/labelsTs/1_3_6_1_4_1_14519_5_2_1_7009_9004_142875653921026740259047702306.json,/opt/data/beegfs/Task023_LUNA25/raw_splitted/labelsTs/1_3_6_1_4_1_14519_5_2_1_7009_9004_142875653921026740259047702306.nii.gz,ok,1,0,1,,1,,1,0,True,True
test,1_3_6_1_4_1_14519_5_2_1_7009_9004_143625858731670518658010396851,/opt/data/beegfs/Task023_LUNA25/raw_splitted/labelsTs/1_3_6_1_4_1_14519_5_2_1_7009_9004_143625858731670518658010396851.json,/opt/data/beegfs/Task023_LUNA25/raw_splitted/labelsTs/1_3_6_1_4_1_14519_5_2_1_7009_9004_143625858731670518658010396851.nii.gz,ok,1,0,1,,1,,1,0,True,True
test,1_3_6_1_4_1_14519_5_2_1_7009_9004_143694214772485075472648994040,/opt/data/beegfs/Task023_LUNA25/raw_splitted/labelsTs/1_3_6_1_4_1_14519_5_2_1_7009_9004_143694214772485075472648994040.json,/opt/data/beegfs/Task023_LUNA25/raw_splitted/labelsTs/1_3_6_1_4_1_14519_5_2_1_7009_9004_143694214772485075472648994040.nii.gz,ok,2,0,1 2,,1 2,,2,0,True,True
test,1_3_6_1_4_1_14519_5_2_1_7009_9004_144597356678732949948307951503,/opt/data/beegfs/Task023_LUNA25/raw_splitted/labelsTs/1_3_6_1_4_1_14519_5_2_1_7009_9004_144597356678732949948307951503.json,/opt/data/beegfs/Task023_LUNA25/raw_splitted/labelsTs/1_3_6_1_4_1_14519_5_2_1_7009_9004_144597356678732949948307951503.nii.gz,ok,2,0,1 2,,1 2,,2,0,True,True
test,1_3_6_1_4_1_14519_5_2_1_7009_9004_145215505102406333449483782713,/opt/data/beegfs/Task023_LUNA25/raw_splitted/labelsTs/1_3_6_1_4_1_14519_5_2_1_7009_9004_145215505102406333449483782713.json,/opt/data/beegfs/Task023_LUNA25/raw_splitted/labelsTs/1_3_6_1_4_1_14519_5_2_1_7009_9004_145215505102406333449483782713.nii.gz,ok,1,0,1,,1,,1,0,True,True
test,1_3_6_1_4_1_14519_5_2_1_7009_9004_151968901670100504337248502427,/opt/data/beegfs/Task023_LUNA25/raw_splitted/labelsTs/1_3_6_1_4_1_14519_5_2_1_7009_9004_151968901670100504337248502427.json,/opt/data/beegfs/Task023_LUNA25/raw_splitted/labelsTs/1_3_6_1_4_1_14519_5_2_1_7009_9004_151968901670100504337248502427.nii.gz,ok,2,0,1 2,,1 2,,2,0,True,True
test,1_3_6_1_4_1_14519_5_2_1_7009_9004_152684130273259097220627748605,/opt/data/beegfs/Task023_LUNA25/raw_splitted/labelsTs/1_3_6_1_4_1_14519_5_2_1_7009_9004_152684130273259097220627748605.json,/opt/data/beegfs/Task023_LUNA25/raw_splitted/labelsTs/1_3_6_1_4_1_14519_5_2_1_7009_9004_152684130273259097220627748605.nii.gz,ok,5,0,1 2 3 4 5,,1 2 3 4 5,,5,0,True,True
test,1_3_6_1_4_1_14519_5_2_1_7009_9004_154563036937814773303925251611,/opt/data/beegfs/Task023_LUNA25/raw_splitted/labelsTs/1_3_6_1_4_1_14519_5_2_1_7009_9004_154563036937814773303925251611.json,/opt/data/beegfs/Task023_LUNA25/raw_splitted/labelsTs/1_3_6_1_4_1_14519_5_2_1_7009_9004_154563036937814773303925251611.nii.gz,ok,2,0,1 2,,1 2,,2,0,True,True
test,1_3_6_1_4_1_14519_5_2_1_7009_9004_156256402241514592128718787665,/opt/data/beegfs/Task023_LUNA25/raw_splitted/labelsTs/1_3_6_1_4_1_14519_5_2_1_7009_9004_156256402241514592128718787665.json,/opt/data/beegfs/Task023_LUNA25/raw_splitted/labelsTs/1_3_6_1_4_1_14519_5_2_1_7009_9004_156256402241514592128718787665.nii.gz,ok,2,0,1 2,,1 2,,2,0,True,True
test,1_3_6_1_4_1_14519_5_2_1_7009_9004_156632757117271070664367399955,/opt/data/beegfs/Task023_LUNA25/raw_splitted/labelsTs/1_3_6_1_4_1_14519_5_2_1_7009_9004_156632757117271070664367399955.json,/opt/data/beegfs/Task023_LUNA25/raw_splitted/labelsTs/1_3_6_1_4_1_14519_5_2_1_7009_9004_156632757117271070664367399955.nii.gz,ok,1,0,1,,1,,1,0,True,True
test,1_3_6_1_4_1_14519_5_2_1_7009_9004_157193169271897322744515721103,/opt/data/beegfs/Task023_LUNA25/raw_splitted/labelsTs/1_3_6_1_4_1_14519_5_2_1_7009_9004_157193169271897322744515721103.json,/opt/data/beegfs/Task023_LUNA25/raw_splitted/labelsTs/1_3_6_1_4_1_14519_5_2_1_7009_9004_157193169271897322744515721103.nii.gz,ok,1,0,1,,1,,1,0,True,True
test,1_3_6_1_4_1_14519_5_2_1_7009_9004_157516705688730297693625368655,/opt/data/beegfs/Task023_LUNA25/raw_splitted/labelsTs/1_3_6_1_4_1_14519_5_2_1_7009_9004_157516705688730297693625368655.json,/opt/data/beegfs/Task023_LUNA25/raw_splitted/labelsTs/1_3_6_1_4_1_14519_5_2_1_7009_9004_157516705688730297693625368655.nii.gz,ok,1,0,1,,1,,1,0,True,True
test,1_3_6_1_4_1_14519_5_2_1_7009_9004_159197566713017635281317443032,/opt/data/beegfs/Task023_LUNA25/raw_splitted/labelsTs/1_3_6_1_4_1_14519_5_2_1_7009_9004_159197566713017635281317443032.json,/opt/data/beegfs/Task023_LUNA25/raw_splitted/labelsTs/1_3_6_1_4_1_14519_5_2_1_7009_9004_159197566713017635281317443032.nii.gz,ok,1,0,1,,1,,1,0,True,True
test,1_3_6_1_4_1_14519_5_2_1_7009_9004_161520031503779249552913486421,/opt/data/beegfs/Task023_LUNA25/raw_splitted/labelsTs/1_3_6_1_4_1_14519_5_2_1_7009_9004_161520031503779249552913486421.json,/opt/data/beegfs/Task023_LUNA25/raw_splitted/labelsTs/1_3_6_1_4_1_14519_5_2_1_7009_9004_161520031503779249552913486421.nii.gz,ok,6,0,1 2 3 4 5 6,,1 2 3 4 5 6,,6,0,True,True
test,1_3_6_1_4_1_14519_5_2_1_7009_9004_162267912781048488653045075247,/opt/data/beegfs/Task023_LUNA25/raw_splitted/labelsTs/1_3_6_1_4_1_14519_5_2_1_7009_9004_162267912781048488653045075247.json,/opt/data/beegfs/Task023_LUNA25/raw_splitted/labelsTs/1_3_6_1_4_1_14519_5_2_1_7009_9004_162267912781048488653045075247.nii.gz,ok,1,0,1,,1,,1,0,True,True
test,1_3_6_1_4_1_14519_5_2_1_7009_9004_162402211203689494428922397123,/opt/data/beegfs/Task023_LUNA25/raw_splitted/labelsTs/1_3_6_1_4_1_14519_5_2_1_7009_9004_162402211203689494428922397123.json,/opt/data/beegfs/Task023_LUNA25/raw_splitted/labelsTs/1_3_6_1_4_1_14519_5_2_1_7009_9004_162402211203689494428922397123.nii.gz,ok,1,0,1,,1,,1,0,True,True
test,1_3_6_1_4_1_14519_5_2_1_7009_9004_163513449124025050135426427567,/opt/data/beegfs/Task023_LUNA25/raw_splitted/labelsTs/1_3_6_1_4_1_14519_5_2_1_7009_9004_163513449124025050135426427567.json,/opt/data/beegfs/Task023_LUNA25/raw_splitted/labelsTs/1_3_6_1_4_1_14519_5_2_1_7009_9004_163513449124025050135426427567.nii.gz,ok,1,0,1,,1,,1,0,True,True
test,1_3_6_1_4_1_14519_5_2_1_7009_9004_165455852188731234026861191330,/opt/data/beegfs/Task023_LUNA25/raw_splitted/labelsTs/1_3_6_1_4_1_14519_5_2_1_7009_9004_165455852188731234026861191330.json,/opt/data/beegfs/Task023_LUNA25/raw_splitted/labelsTs/1_3_6_1_4_1_14519_5_2_1_7009_9004_165455852188731234026861191330.nii.gz,ok,1,0,1,,1,,1,0,True,True
test,1_3_6_1_4_1_14519_5_2_1_7009_9004_166007335543634355838843514452,/opt/data/beegfs/Task023_LUNA25/raw_splitted/labelsTs/1_3_6_1_4_1_14519_5_2_1_7009_9004_166007335543634355838843514452.json,/opt/data/beegfs/Task023_LUNA25/raw_splitted/labelsTs/1_3_6_1_4_1_14519_5_2_1_7009_9004_166007335543634355838843514452.nii.gz,ok,1,0,1,,1,,1,0,True,True
test,1_3_6_1_4_1_14519_5_2_1_7009_9004_168036211510312543747050239345,/opt/data/beegfs/Task023_LUNA25/raw_splitted/labelsTs/1_3_6_1_4_1_14519_5_2_1_7009_9004_168036211510312543747050239345.json,/opt/data/beegfs/Task023_LUNA25/raw_splitted/labelsTs/1_3_6_1_4_1_14519_5_2_1_7009_9004_168036211510312543747050239345.nii.gz,ok,1,0,1,,1,,1,0,True,True
test,1_3_6_1_4_1_14519_5_2_1_7009_9004_172176479105791274087556187252,/opt/data/beegfs/Task023_LUNA25/raw_splitted/labelsTs/1_3_6_1_4_1_14519_5_2_1_7009_9004_172176479105791274087556187252.json,/opt/data/beegfs/Task023_LUNA25/raw_splitted/labelsTs/1_3_6_1_4_1_14519_5_2_1_7009_9004_172176479105791274087556187252.nii.gz,ok,1,0,1,,1,,1,0,True,True
test,1_3_6_1_4_1_14519_5_2_1_7009_9004_173225373237910062492832484027,/opt/data/beegfs/Task023_LUNA25/raw_splitted/labelsTs/1_3_6_1_4_1_14519_5_2_1_7009_9004_173225373237910062492832484027.json,/opt/data/beegfs/Task023_LUNA25/raw_splitted/labelsTs/1_3_6_1_4_1_14519_5_2_1_7009_9004_173225373237910062492832484027.nii.gz,ok,1,0,1,,1,,1,0,True,True
test,1_3_6_1_4_1_14519_5_2_1_7009_9004_173460706068700568174509330409,/opt/data/beegfs/Task023_LUNA25/raw_splitted/labelsTs/1_3_6_1_4_1_14519_5_2_1_7009_9004_173460706068700568174509330409.json,/opt/data/beegfs/Task023_LUNA25/raw_splitted/labelsTs/1_3_6_1_4_1_14519_5_2_1_7009_9004_173460706068700568174509330409.nii.gz,ok,1,0,1,,1,,1,0,True,True
test,1_3_6_1_4_1_14519_5_2_1_7009_9004_174952904479025877538487701888,/opt/data/beegfs/Task023_LUNA25/raw_splitted/labelsTs/1_3_6_1_4_1_14519_5_2_1_7009_9004_174952904479025877538487701888.json,/opt/data/beegfs/Task023_LUNA25/raw_splitted/labelsTs/1_3_6_1_4_1_14519_5_2_1_7009_9004_174952904479025877538487701888.nii.gz,ok,3,0,1 2 3,,1 2 3,,3,0,True,True
test,1_3_6_1_4_1_14519_5_2_1_7009_9004_175136160742882664021316897033,/opt/data/beegfs/Task023_LUNA25/raw_splitted/labelsTs/1_3_6_1_4_1_14519_5_2_1_7009_9004_175136160742882664021316897033.json,/opt/data/beegfs/Task023_LUNA25/raw_splitted/labelsTs/1_3_6_1_4_1_14519_5_2_1_7009_9004_175136160742882664021316897033.nii.gz,ok,1,0,1,,1,,1,0,True,True
test,1_3_6_1_4_1_14519_5_2_1_7009_9004_175826793203735084414642152131,/opt/data/beegfs/Task023_LUNA25/raw_splitted/labelsTs/1_3_6_1_4_1_14519_5_2_1_7009_9004_175826793203735084414642152131.json,/opt/data/beegfs/Task023_LUNA25/raw_splitted/labelsTs/1_3_6_1_4_1_14519_5_2_1_7009_9004_175826793203735084414642152131.nii.gz,ok,1,0,1,,1,,1,0,True,True
test,1_3_6_1_4_1_14519_5_2_1_7009_9004_176877803514931793883014902165,/opt/data/beegfs/Task023_LUNA25/raw_splitted/labelsTs/1_3_6_1_4_1_14519_5_2_1_7009_9004_176877803514931793883014902165.json,/opt/data/beegfs/Task023_LUNA25/raw_splitted/labelsTs/1_3_6_1_4_1_14519_5_2_1_7009_9004_176877803514931793883014902165.nii.gz,ok,1,0,1,,1,,1,0,True,True
test,1_3_6_1_4_1_14519_5_2_1_7009_9004_178230252444664914985232188809,/opt/data/beegfs/Task023_LUNA25/raw_splitted/labelsTs/1_3_6_1_4_1_14519_5_2_1_7009_9004_178230252444664914985232188809.json,/opt/data/beegfs/Task023_LUNA25/raw_splitted/labelsTs/1_3_6_1_4_1_14519_5_2_1_7009_9004_178230252444664914985232188809.nii.gz,ok,1,0,1,,1,,1,0,True,True
test,1_3_6_1_4_1_14519_5_2_1_7009_9004_178371910327746092789829089739,/opt/data/beegfs/Task023_LUNA25/raw_splitted/labelsTs/1_3_6_1_4_1_14519_5_2_1_7009_9004_178371910327746092789829089739.json,/opt/data/beegfs/Task023_LUNA25/raw_splitted/labelsTs/1_3_6_1_4_1_14519_5_2_1_7009_9004_178371910327746092789829089739.nii.gz,ok,2,0,1 2,,1 2,,2,0,True,True
test,1_3_6_1_4_1_14519_5_2_1_7009_9004_178736896118173469971469295446,/opt/data/beegfs/Task023_LUNA25/raw_splitted/labelsTs/1_3_6_1_4_1_14519_5_2_1_7009_9004_178736896118173469971469295446.json,/opt/data/beegfs/Task023_LUNA25/raw_splitted/labelsTs/1_3_6_1_4_1_14519_5_2_1_7009_9004_178736896118173469971469295446.nii.gz,ok,1,0,1,,1,,1,0,True,True
test,1_3_6_1_4_1_14519_5_2_1_7009_9004_179501542004093484984583424680,/opt/data/beegfs/Task023_LUNA25/raw_splitted/labelsTs/1_3_6_1_4_1_14519_5_2_1_7009_9004_179501542004093484984583424680.json,/opt/data/beegfs/Task023_LUNA25/raw_splitted/labelsTs/1_3_6_1_4_1_14519_5_2_1_7009_9004_179501542004093484984583424680.nii.gz,ok,1,0,1,,1,,1,0,True,True
test,1_3_6_1_4_1_14519_5_2_1_7009_9004_183906244161753983993523861544,/opt/data/beegfs/Task023_LUNA25/raw_splitted/labelsTs/1_3_6_1_4_1_14519_5_2_1_7009_9004_183906244161753983993523861544.json,/opt/data/beegfs/Task023_LUNA25/raw_splitted/labelsTs/1_3_6_1_4_1_14519_5_2_1_7009_9004_183906244161753983993523861544.nii.gz,ok,1,0,1,,1,,1,0,True,True
test,1_3_6_1_4_1_14519_5_2_1_7009_9004_184712704688751900281054629346,/opt/data/beegfs/Task023_LUNA25/raw_splitted/labelsTs/1_3_6_1_4_1_14519_5_2_1_7009_9004_184712704688751900281054629346.json,/opt/data/beegfs/Task023_LUNA25/raw_splitted/labelsTs/1_3_6_1_4_1_14519_5_2_1_7009_9004_184712704688751900281054629346.nii.gz,ok,1,0,1,,1,,1,0,True,True
test,1_3_6_1_4_1_14519_5_2_1_7009_9004_184811261164342205733886066352,/opt/data/beegfs/Task023_LUNA25/raw_splitted/labelsTs/1_3_6_1_4_1_14519_5_2_1_7009_9004_184811261164342205733886066352.json,/opt/data/beegfs/Task023_LUNA25/raw_splitted/labelsTs/1_3_6_1_4_1_14519_5_2_1_7009_9004_184811261164342205733886066352.nii.gz,ok,1,0,1,,1,,1,0,True,True
test,1_3_6_1_4_1_14519_5_2_1_7009_9004_185336157471029379503810495142,/opt/data/beegfs/Task023_LUNA25/raw_splitted/labelsTs/1_3_6_1_4_1_14519_5_2_1_7009_9004_185336157471029379503810495142.json,/opt/data/beegfs/Task023_LUNA25/raw_splitted/labelsTs/1_3_6_1_4_1_14519_5_2_1_7009_9004_185336157471029379503810495142.nii.gz,ok,1,0,1,,1,,1,0,True,True
test,1_3_6_1_4_1_14519_5_2_1_7009_9004_185951815108964495899209887839,/opt/data/beegfs/Task023_LUNA25/raw_splitted/labelsTs/1_3_6_1_4_1_14519_5_2_1_7009_9004_185951815108964495899209887839.json,/opt/data/beegfs/Task023_LUNA25/raw_splitted/labelsTs/1_3_6_1_4_1_14519_5_2_1_7009_9004_185951815108964495899209887839.nii.gz,ok,2,0,1 2,,1 2,,2,0,True,True
test,1_3_6_1_4_1_14519_5_2_1_7009_9004_185956481878864986357224747579,/opt/data/beegfs/Task023_LUNA25/raw_splitted/labelsTs/1_3_6_1_4_1_14519_5_2_1_7009_9004_185956481878864986357224747579.json,/opt/data/beegfs/Task023_LUNA25/raw_splitted/labelsTs/1_3_6_1_4_1_14519_5_2_1_7009_9004_185956481878864986357224747579.nii.gz,ok,1,0,1,,1,,1,0,True,True
test,1_3_6_1_4_1_14519_5_2_1_7009_9004_186022443918649739923746544293,/opt/data/beegfs/Task023_LUNA25/raw_splitted/labelsTs/1_3_6_1_4_1_14519_5_2_1_7009_9004_186022443918649739923746544293.json,/opt/data/beegfs/Task023_LUNA25/raw_splitted/labelsTs/1_3_6_1_4_1_14519_5_2_1_7009_9004_186022443918649739923746544293.nii.gz,ok,1,0,1,,1,,1,0,True,True
test,1_3_6_1_4_1_14519_5_2_1_7009_9004_186214882607862549029774112881,/opt/data/beegfs/Task023_LUNA25/raw_splitted/labelsTs/1_3_6_1_4_1_14519_5_2_1_7009_9004_186214882607862549029774112881.json,/opt/data/beegfs/Task023_LUNA25/raw_splitted/labelsTs/1_3_6_1_4_1_14519_5_2_1_7009_9004_186214882607862549029774112881.nii.gz,ok,1,0,1,,1,,1,0,True,True
test,1_3_6_1_4_1_14519_5_2_1_7009_9004_186280145846359424785506375120,/opt/data/beegfs/Task023_LUNA25/raw_splitted/labelsTs/1_3_6_1_4_1_14519_5_2_1_7009_9004_186280145846359424785506375120.json,/opt/data/beegfs/Task023_LUNA25/raw_splitted/labelsTs/1_3_6_1_4_1_14519_5_2_1_7009_9004_186280145846359424785506375120.nii.gz,ok,2,0,1 2,,1 2,,2,0,True,True
test,1_3_6_1_4_1_14519_5_2_1_7009_9004_187817315893089446582234303256,/opt/data/beegfs/Task023_LUNA25/raw_splitted/labelsTs/1_3_6_1_4_1_14519_5_2_1_7009_9004_187817315893089446582234303256.json,/opt/data/beegfs/Task023_LUNA25/raw_splitted/labelsTs/1_3_6_1_4_1_14519_5_2_1_7009_9004_187817315893089446582234303256.nii.gz,ok,1,0,1,,1,,1,0,True,True
test,1_3_6_1_4_1_14519_5_2_1_7009_9004_188243664146917142167119282918,/opt/data/beegfs/Task023_LUNA25/raw_splitted/labelsTs/1_3_6_1_4_1_14519_5_2_1_7009_9004_188243664146917142167119282918.json,/opt/data/beegfs/Task023_LUNA25/raw_splitted/labelsTs/1_3_6_1_4_1_14519_5_2_1_7009_9004_188243664146917142167119282918.nii.gz,ok,1,0,1,,1,,1,0,True,True
test,1_3_6_1_4_1_14519_5_2_1_7009_9004_192525281608175837322789780307,/opt/data/beegfs/Task023_LUNA25/raw_splitted/labelsTs/1_3_6_1_4_1_14519_5_2_1_7009_9004_192525281608175837322789780307.json,/opt/data/beegfs/Task023_LUNA25/raw_splitted/labelsTs/1_3_6_1_4_1_14519_5_2_1_7009_9004_192525281608175837322789780307.nii.gz,ok,1,0,1,,1,,1,0,True,True
test,1_3_6_1_4_1_14519_5_2_1_7009_9004_194222511049737387649046253857,/opt/data/beegfs/Task023_LUNA25/raw_splitted/labelsTs/1_3_6_1_4_1_14519_5_2_1_7009_9004_194222511049737387649046253857.json,/opt/data/beegfs/Task023_LUNA25/raw_splitted/labelsTs/1_3_6_1_4_1_14519_5_2_1_7009_9004_194222511049737387649046253857.nii.gz,ok,1,0,1,,1,,1,0,True,True
test,1_3_6_1_4_1_14519_5_2_1_7009_9004_194845886139071193586980460333,/opt/data/beegfs/Task023_LUNA25/raw_splitted/labelsTs/1_3_6_1_4_1_14519_5_2_1_7009_9004_194845886139071193586980460333.json,/opt/data/beegfs/Task023_LUNA25/raw_splitted/labelsTs/1_3_6_1_4_1_14519_5_2_1_7009_9004_194845886139071193586980460333.nii.gz,ok,1,0,1,,1,,1,0,True,True
test,1_3_6_1_4_1_14519_5_2_1_7009_9004_196021882716260835121227919832,/opt/data/beegfs/Task023_LUNA25/raw_splitted/labelsTs/1_3_6_1_4_1_14519_5_2_1_7009_9004_196021882716260835121227919832.json,/opt/data/beegfs/Task023_LUNA25/raw_splitted/labelsTs/1_3_6_1_4_1_14519_5_2_1_7009_9004_196021882716260835121227919832.nii.gz,ok,4,0,1 2 3 4,,1 2 3 4,,4,0,True,True
test,1_3_6_1_4_1_14519_5_2_1_7009_9004_197535707835763157783981716538,/opt/data/beegfs/Task023_LUNA25/raw_splitted/labelsTs/1_3_6_1_4_1_14519_5_2_1_7009_9004_197535707835763157783981716538.json,/opt/data/beegfs/Task023_LUNA25/raw_splitted/labelsTs/1_3_6_1_4_1_14519_5_2_1_7009_9004_197535707835763157783981716538.nii.gz,ok,2,0,1 2,,1 2,,2,0,True,True
test,1_3_6_1_4_1_14519_5_2_1_7009_9004_198678801664998611593159046987,/opt/data/beegfs/Task023_LUNA25/raw_splitted/labelsTs/1_3_6_1_4_1_14519_5_2_1_7009_9004_198678801664998611593159046987.json,/opt/data/beegfs/Task023_LUNA25/raw_splitted/labelsTs/1_3_6_1_4_1_14519_5_2_1_7009_9004_198678801664998611593159046987.nii.gz,ok,1,0,1,,1,,1,0,True,True
test,1_3_6_1_4_1_14519_5_2_1_7009_9004_200105270017574504856483664500,/opt/data/beegfs/Task023_LUNA25/raw_splitted/labelsTs/1_3_6_1_4_1_14519_5_2_1_7009_9004_200105270017574504856483664500.json,/opt/data/beegfs/Task023_LUNA25/raw_splitted/labelsTs/1_3_6_1_4_1_14519_5_2_1_7009_9004_200105270017574504856483664500.nii.gz,ok,1,0,1,,1,,1,0,True,True
test,1_3_6_1_4_1_14519_5_2_1_7009_9004_201629417997162202712268389916,/opt/data/beegfs/Task023_LUNA25/raw_splitted/labelsTs/1_3_6_1_4_1_14519_5_2_1_7009_9004_201629417997162202712268389916.json,/opt/data/beegfs/Task023_LUNA25/raw_splitted/labelsTs/1_3_6_1_4_1_14519_5_2_1_7009_9004_201629417997162202712268389916.nii.gz,ok,1,0,1,,1,,1,0,True,True
test,1_3_6_1_4_1_14519_5_2_1_7009_9004_202951995538260654683897604606,/opt/data/beegfs/Task023_LUNA25/raw_splitted/labelsTs/1_3_6_1_4_1_14519_5_2_1_7009_9004_202951995538260654683897604606.json,/opt/data/beegfs/Task023_LUNA25/raw_splitted/labelsTs/1_3_6_1_4_1_14519_5_2_1_7009_9004_202951995538260654683897604606.nii.gz,ok,2,0,1 2,,1 2,,2,0,True,True
test,1_3_6_1_4_1_14519_5_2_1_7009_9004_204863242782746852621476557847,/opt/data/beegfs/Task023_LUNA25/raw_splitted/labelsTs/1_3_6_1_4_1_14519_5_2_1_7009_9004_204863242782746852621476557847.json,/opt/data/beegfs/Task023_LUNA25/raw_splitted/labelsTs/1_3_6_1_4_1_14519_5_2_1_7009_9004_204863242782746852621476557847.nii.gz,ok,1,0,1,,1,,1,0,True,True
test,1_3_6_1_4_1_14519_5_2_1_7009_9004_205105100179234562811643167673,/opt/data/beegfs/Task023_LUNA25/raw_splitted/labelsTs/1_3_6_1_4_1_14519_5_2_1_7009_9004_205105100179234562811643167673.json,/opt/data/beegfs/Task023_LUNA25/raw_splitted/labelsTs/1_3_6_1_4_1_14519_5_2_1_7009_9004_205105100179234562811643167673.nii.gz,ok,1,0,1,,1,,1,0,True,True
test,1_3_6_1_4_1_14519_5_2_1_7009_9004_206006653961046093582690748634,/opt/data/beegfs/Task023_LUNA25/raw_splitted/labelsTs/1_3_6_1_4_1_14519_5_2_1_7009_9004_206006653961046093582690748634.json,/opt/data/beegfs/Task023_LUNA25/raw_splitted/labelsTs/1_3_6_1_4_1_14519_5_2_1_7009_9004_206006653961046093582690748634.nii.gz,ok,1,0,1,,1,,1,0,True,True
test,1_3_6_1_4_1_14519_5_2_1_7009_9004_208457477941676527866368283423,/opt/data/beegfs/Task023_LUNA25/raw_splitted/labelsTs/1_3_6_1_4_1_14519_5_2_1_7009_9004_208457477941676527866368283423.json,/opt/data/beegfs/Task023_LUNA25/raw_splitted/labelsTs/1_3_6_1_4_1_14519_5_2_1_7009_9004_208457477941676527866368283423.nii.gz,ok,1,0,1,,1,,1,0,True,True
test,1_3_6_1_4_1_14519_5_2_1_7009_9004_209077728725083252756496824799,/opt/data/beegfs/Task023_LUNA25/raw_splitted/labelsTs/1_3_6_1_4_1_14519_5_2_1_7009_9004_209077728725083252756496824799.json,/opt/data/beegfs/Task023_LUNA25/raw_splitted/labelsTs/1_3_6_1_4_1_14519_5_2_1_7009_9004_209077728725083252756496824799.nii.gz,ok,2,0,1 2,,1 2,,2,0,True,True
test,1_3_6_1_4_1_14519_5_2_1_7009_9004_209330921035569472124610268644,/opt/data/beegfs/Task023_LUNA25/raw_splitted/labelsTs/1_3_6_1_4_1_14519_5_2_1_7009_9004_209330921035569472124610268644.json,/opt/data/beegfs/Task023_LUNA25/raw_splitted/labelsTs/1_3_6_1_4_1_14519_5_2_1_7009_9004_209330921035569472124610268644.nii.gz,ok,1,0,1,,1,,1,0,True,True
test,1_3_6_1_4_1_14519_5_2_1_7009_9004_209354409551246684714223078410,/opt/data/beegfs/Task023_LUNA25/raw_splitted/labelsTs/1_3_6_1_4_1_14519_5_2_1_7009_9004_209354409551246684714223078410.json,/opt/data/beegfs/Task023_LUNA25/raw_splitted/labelsTs/1_3_6_1_4_1_14519_5_2_1_7009_9004_209354409551246684714223078410.nii.gz,ok,1,0,1,,1,,1,0,True,True
test,1_3_6_1_4_1_14519_5_2_1_7009_9004_209818245937734857586533171172,/opt/data/beegfs/Task023_LUNA25/raw_splitted/labelsTs/1_3_6_1_4_1_14519_5_2_1_7009_9004_209818245937734857586533171172.json,/opt/data/beegfs/Task023_LUNA25/raw_splitted/labelsTs/1_3_6_1_4_1_14519_5_2_1_7009_9004_209818245937734857586533171172.nii.gz,ok,1,0,1,,1,,1,0,True,True
test,1_3_6_1_4_1_14519_5_2_1_7009_9004_210299657503988940943277329574,/opt/data/beegfs/Task023_LUNA25/raw_splitted/labelsTs/1_3_6_1_4_1_14519_5_2_1_7009_9004_210299657503988940943277329574.json,/opt/data/beegfs/Task023_LUNA25/raw_splitted/labelsTs/1_3_6_1_4_1_14519_5_2_1_7009_9004_210299657503988940943277329574.nii.gz,ok,2,0,1 2,,1 2,,2,0,True,True
test,1_3_6_1_4_1_14519_5_2_1_7009_9004_210476607785396731880440125589,/opt/data/beegfs/Task023_LUNA25/raw_splitted/labelsTs/1_3_6_1_4_1_14519_5_2_1_7009_9004_210476607785396731880440125589.json,/opt/data/beegfs/Task023_LUNA25/raw_splitted/labelsTs/1_3_6_1_4_1_14519_5_2_1_7009_9004_210476607785396731880440125589.nii.gz,ok,3,0,1 2 3,,1 2 3,,3,0,True,True
test,1_3_6_1_4_1_14519_5_2_1_7009_9004_212467040508102517799495112372,/opt/data/beegfs/Task023_LUNA25/raw_splitted/labelsTs/1_3_6_1_4_1_14519_5_2_1_7009_9004_212467040508102517799495112372.json,/opt/data/beegfs/Task023_LUNA25/raw_splitted/labelsTs/1_3_6_1_4_1_14519_5_2_1_7009_9004_212467040508102517799495112372.nii.gz,ok,2,0,1 2,,1 2,,2,0,True,True
test,1_3_6_1_4_1_14519_5_2_1_7009_9004_215014739465386933243174702703,/opt/data/beegfs/Task023_LUNA25/raw_splitted/labelsTs/1_3_6_1_4_1_14519_5_2_1_7009_9004_215014739465386933243174702703.json,/opt/data/beegfs/Task023_LUNA25/raw_splitted/labelsTs/1_3_6_1_4_1_14519_5_2_1_7009_9004_215014739465386933243174702703.nii.gz,ok,2,0,1 2,,1 2,,2,0,True,True
test,1_3_6_1_4_1_14519_5_2_1_7009_9004_218564666721111223979416352851,/opt/data/beegfs/Task023_LUNA25/raw_splitted/labelsTs/1_3_6_1_4_1_14519_5_2_1_7009_9004_218564666721111223979416352851.json,/opt/data/beegfs/Task023_LUNA25/raw_splitted/labelsTs/1_3_6_1_4_1_14519_5_2_1_7009_9004_218564666721111223979416352851.nii.gz,ok,1,0,1,,1,,1,0,True,True
test,1_3_6_1_4_1_14519_5_2_1_7009_9004_218654655499640055092908367053,/opt/data/beegfs/Task023_LUNA25/raw_splitted/labelsTs/1_3_6_1_4_1_14519_5_2_1_7009_9004_218654655499640055092908367053.json,/opt/data/beegfs/Task023_LUNA25/raw_splitted/labelsTs/1_3_6_1_4_1_14519_5_2_1_7009_9004_218654655499640055092908367053.nii.gz,ok,1,0,1,,1,,1,0,True,True
test,1_3_6_1_4_1_14519_5_2_1_7009_9004_219033404173072942186436269592,/opt/data/beegfs/Task023_LUNA25/raw_splitted/labelsTs/1_3_6_1_4_1_14519_5_2_1_7009_9004_219033404173072942186436269592.json,/opt/data/beegfs/Task023_LUNA25/raw_splitted/labelsTs/1_3_6_1_4_1_14519_5_2_1_7009_9004_219033404173072942186436269592.nii.gz,ok,1,0,1,,1,,1,0,True,True
test,1_3_6_1_4_1_14519_5_2_1_7009_9004_220283599556110189410678782311,/opt/data/beegfs/Task023_LUNA25/raw_splitted/labelsTs/1_3_6_1_4_1_14519_5_2_1_7009_9004_220283599556110189410678782311.json,/opt/data/beegfs/Task023_LUNA25/raw_splitted/labelsTs/1_3_6_1_4_1_14519_5_2_1_7009_9004_220283599556110189410678782311.nii.gz,ok,4,0,1 2 3 4,,1 2 3 4,,4,0,True,True
test,1_3_6_1_4_1_14519_5_2_1_7009_9004_221633103171484973363025996617,/opt/data/beegfs/Task023_LUNA25/raw_splitted/labelsTs/1_3_6_1_4_1_14519_5_2_1_7009_9004_221633103171484973363025996617.json,/opt/data/beegfs/Task023_LUNA25/raw_splitted/labelsTs/1_3_6_1_4_1_14519_5_2_1_7009_9004_221633103171484973363025996617.nii.gz,ok,1,0,1,,1,,1,0,True,True
test,1_3_6_1_4_1_14519_5_2_1_7009_9004_221696086152612791195759190604,/opt/data/beegfs/Task023_LUNA25/raw_splitted/labelsTs/1_3_6_1_4_1_14519_5_2_1_7009_9004_221696086152612791195759190604.json,/opt/data/beegfs/Task023_LUNA25/raw_splitted/labelsTs/1_3_6_1_4_1_14519_5_2_1_7009_9004_221696086152612791195759190604.nii.gz,ok,3,0,1 2 3,,1 2 3,,3,0,True,True
test,1_3_6_1_4_1_14519_5_2_1_7009_9004_222431818292799047508311927983,/opt/data/beegfs/Task023_LUNA25/raw_splitted/labelsTs/1_3_6_1_4_1_14519_5_2_1_7009_9004_222431818292799047508311927983.json,/opt/data/beegfs/Task023_LUNA25/raw_splitted/labelsTs/1_3_6_1_4_1_14519_5_2_1_7009_9004_222431818292799047508311927983.nii.gz,ok,2,0,1 2,,1 2,,2,0,True,True
test,1_3_6_1_4_1_14519_5_2_1_7009_9004_224904739064042290382020225518,/opt/data/beegfs/Task023_LUNA25/raw_splitted/labelsTs/1_3_6_1_4_1_14519_5_2_1_7009_9004_224904739064042290382020225518.json,/opt/data/beegfs/Task023_LUNA25/raw_splitted/labelsTs/1_3_6_1_4_1_14519_5_2_1_7009_9004_224904739064042290382020225518.nii.gz,ok,1,0,1,,1,,1,0,True,True
test,1_3_6_1_4_1_14519_5_2_1_7009_9004_225528389123083484050261907680,/opt/data/beegfs/Task023_LUNA25/raw_splitted/labelsTs/1_3_6_1_4_1_14519_5_2_1_7009_9004_225528389123083484050261907680.json,/opt/data/beegfs/Task023_LUNA25/raw_splitted/labelsTs/1_3_6_1_4_1_14519_5_2_1_7009_9004_225528389123083484050261907680.nii.gz,ok,1,0,1,,1,,1,0,True,True
test,1_3_6_1_4_1_14519_5_2_1_7009_9004_227564156045007101135747241495,/opt/data/beegfs/Task023_LUNA25/raw_splitted/labelsTs/1_3_6_1_4_1_14519_5_2_1_7009_9004_227564156045007101135747241495.json,/opt/data/beegfs/Task023_LUNA25/raw_splitted/labelsTs/1_3_6_1_4_1_14519_5_2_1_7009_9004_227564156045007101135747241495.nii.gz,ok,2,0,1 2,,1 2,,2,0,True,True
test,1_3_6_1_4_1_14519_5_2_1_7009_9004_227601688056475499238501245008,/opt/data/beegfs/Task023_LUNA25/raw_splitted/labelsTs/1_3_6_1_4_1_14519_5_2_1_7009_9004_227601688056475499238501245008.json,/opt/data/beegfs/Task023_LUNA25/raw_splitted/labelsTs/1_3_6_1_4_1_14519_5_2_1_7009_9004_227601688056475499238501245008.nii.gz,ok,1,0,1,,1,,1,0,True,True
test,1_3_6_1_4_1_14519_5_2_1_7009_9004_228429718254703565667159286152,/opt/data/beegfs/Task023_LUNA25/raw_splitted/labelsTs/1_3_6_1_4_1_14519_5_2_1_7009_9004_228429718254703565667159286152.json,/opt/data/beegfs/Task023_LUNA25/raw_splitted/labelsTs/1_3_6_1_4_1_14519_5_2_1_7009_9004_228429718254703565667159286152.nii.gz,ok,2,0,1 2,,1 2,,2,0,True,True
test,1_3_6_1_4_1_14519_5_2_1_7009_9004_229569895058365675852094010253,/opt/data/beegfs/Task023_LUNA25/raw_splitted/labelsTs/1_3_6_1_4_1_14519_5_2_1_7009_9004_229569895058365675852094010253.json,/opt/data/beegfs/Task023_LUNA25/raw_splitted/labelsTs/1_3_6_1_4_1_14519_5_2_1_7009_9004_229569895058365675852094010253.nii.gz,ok,1,0,1,,1,,1,0,True,True
test,1_3_6_1_4_1_14519_5_2_1_7009_9004_231228485166507278355987585055,/opt/data/beegfs/Task023_LUNA25/raw_splitted/labelsTs/1_3_6_1_4_1_14519_5_2_1_7009_9004_231228485166507278355987585055.json,/opt/data/beegfs/Task023_LUNA25/raw_splitted/labelsTs/1_3_6_1_4_1_14519_5_2_1_7009_9004_231228485166507278355987585055.nii.gz,ok,1,0,1,,1,,1,0,True,True
test,1_3_6_1_4_1_14519_5_2_1_7009_9004_233253643922570418503774287719,/opt/data/beegfs/Task023_LUNA25/raw_splitted/labelsTs/1_3_6_1_4_1_14519_5_2_1_7009_9004_233253643922570418503774287719.json,/opt/data/beegfs/Task023_LUNA25/raw_splitted/labelsTs/1_3_6_1_4_1_14519_5_2_1_7009_9004_233253643922570418503774287719.nii.gz,ok,4,0,1 2 3 4,,1 2 3 4,,4,0,True,True
test,1_3_6_1_4_1_14519_5_2_1_7009_9004_234379369263100832847161085124,/opt/data/beegfs/Task023_LUNA25/raw_splitted/labelsTs/1_3_6_1_4_1_14519_5_2_1_7009_9004_234379369263100832847161085124.json,/opt/data/beegfs/Task023_LUNA25/raw_splitted/labelsTs/1_3_6_1_4_1_14519_5_2_1_7009_9004_234379369263100832847161085124.nii.gz,ok,1,0,1,,1,,1,0,True,True
test,1_3_6_1_4_1_14519_5_2_1_7009_9004_235177145527198451207507953563,/opt/data/beegfs/Task023_LUNA25/raw_splitted/labelsTs/1_3_6_1_4_1_14519_5_2_1_7009_9004_235177145527198451207507953563.json,/opt/data/beegfs/Task023_LUNA25/raw_splitted/labelsTs/1_3_6_1_4_1_14519_5_2_1_7009_9004_235177145527198451207507953563.nii.gz,ok,1,0,1,,1,,1,0,True,True
test,1_3_6_1_4_1_14519_5_2_1_7009_9004_235529324584602415091168334997,/opt/data/beegfs/Task023_LUNA25/raw_splitted/labelsTs/1_3_6_1_4_1_14519_5_2_1_7009_9004_235529324584602415091168334997.json,/opt/data/beegfs/Task023_LUNA25/raw_splitted/labelsTs/1_3_6_1_4_1_14519_5_2_1_7009_9004_235529324584602415091168334997.nii.gz,ok,1,0,1,,1,,1,0,True,True
test,1_3_6_1_4_1_14519_5_2_1_7009_9004_235582030403355354714366213212,/opt/data/beegfs/Task023_LUNA25/raw_splitted/labelsTs/1_3_6_1_4_1_14519_5_2_1_7009_9004_235582030403355354714366213212.json,/opt/data/beegfs/Task023_LUNA25/raw_splitted/labelsTs/1_3_6_1_4_1_14519_5_2_1_7009_9004_235582030403355354714366213212.nii.gz,ok,2,0,1 2,,1 2,,2,0,True,True
test,1_3_6_1_4_1_14519_5_2_1_7009_9004_235855968885795679368785053483,/opt/data/beegfs/Task023_LUNA25/raw_splitted/labelsTs/1_3_6_1_4_1_14519_5_2_1_7009_9004_235855968885795679368785053483.json,/opt/data/beegfs/Task023_LUNA25/raw_splitted/labelsTs/1_3_6_1_4_1_14519_5_2_1_7009_9004_235855968885795679368785053483.nii.gz,ok,1,0,1,,1,,1,0,True,True
test,1_3_6_1_4_1_14519_5_2_1_7009_9004_237219711602966645752298514995,/opt/data/beegfs/Task023_LUNA25/raw_splitted/labelsTs/1_3_6_1_4_1_14519_5_2_1_7009_9004_237219711602966645752298514995.json,/opt/data/beegfs/Task023_LUNA25/raw_splitted/labelsTs/1_3_6_1_4_1_14519_5_2_1_7009_9004_237219711602966645752298514995.nii.gz,ok,2,0,1 2,,1 2,,2,0,True,True
test,1_3_6_1_4_1_14519_5_2_1_7009_9004_237359299510779189688759033743,/opt/data/beegfs/Task023_LUNA25/raw_splitted/labelsTs/1_3_6_1_4_1_14519_5_2_1_7009_9004_237359299510779189688759033743.json,/opt/data/beegfs/Task023_LUNA25/raw_splitted/labelsTs/1_3_6_1_4_1_14519_5_2_1_7009_9004_237359299510779189688759033743.nii.gz,ok,1,0,1,,1,,1,0,True,True
test,1_3_6_1_4_1_14519_5_2_1_7009_9004_238863048408289667599292981035,/opt/data/beegfs/Task023_LUNA25/raw_splitted/labelsTs/1_3_6_1_4_1_14519_5_2_1_7009_9004_238863048408289667599292981035.json,/opt/data/beegfs/Task023_LUNA25/raw_splitted/labelsTs/1_3_6_1_4_1_14519_5_2_1_7009_9004_238863048408289667599292981035.nii.gz,ok,1,0,1,,1,,1,0,True,True
test,1_3_6_1_4_1_14519_5_2_1_7009_9004_240383957316418711923619124775,/opt/data/beegfs/Task023_LUNA25/raw_splitted/labelsTs/1_3_6_1_4_1_14519_5_2_1_7009_9004_240383957316418711923619124775.json,/opt/data/beegfs/Task023_LUNA25/raw_splitted/labelsTs/1_3_6_1_4_1_14519_5_2_1_7009_9004_240383957316418711923619124775.nii.gz,ok,1,0,1,,1,,1,0,True,True
test,1_3_6_1_4_1_14519_5_2_1_7009_9004_241794038120367822595240001120,/opt/data/beegfs/Task023_LUNA25/raw_splitted/labelsTs/1_3_6_1_4_1_14519_5_2_1_7009_9004_241794038120367822595240001120.json,/opt/data/beegfs/Task023_LUNA25/raw_splitted/labelsTs/1_3_6_1_4_1_14519_5_2_1_7009_9004_241794038120367822595240001120.nii.gz,ok,1,0,1,,1,,1,0,True,True
test,1_3_6_1_4_1_14519_5_2_1_7009_9004_243735051974502315192549753211,/opt/data/beegfs/Task023_LUNA25/raw_splitted/labelsTs/1_3_6_1_4_1_14519_5_2_1_7009_9004_243735051974502315192549753211.json,/opt/data/beegfs/Task023_LUNA25/raw_splitted/labelsTs/1_3_6_1_4_1_14519_5_2_1_7009_9004_243735051974502315192549753211.nii.gz,ok,1,0,1,,1,,1,0,True,True
test,1_3_6_1_4_1_14519_5_2_1_7009_9004_244728595122238665568025667877,/opt/data/beegfs/Task023_LUNA25/raw_splitted/labelsTs/1_3_6_1_4_1_14519_5_2_1_7009_9004_244728595122238665568025667877.json,/opt/data/beegfs/Task023_LUNA25/raw_splitted/labelsTs/1_3_6_1_4_1_14519_5_2_1_7009_9004_244728595122238665568025667877.nii.gz,ok,1,0,1,,1,,1,0,True,True
test,1_3_6_1_4_1_14519_5_2_1_7009_9004_244746698707475055871759929220,/opt/data/beegfs/Task023_LUNA25/raw_splitted/labelsTs/1_3_6_1_4_1_14519_5_2_1_7009_9004_244746698707475055871759929220.json,/opt/data/beegfs/Task023_LUNA25/raw_splitted/labelsTs/1_3_6_1_4_1_14519_5_2_1_7009_9004_244746698707475055871759929220.nii.gz,ok,1,0,1,,1,,1,0,True,True
test,1_3_6_1_4_1_14519_5_2_1_7009_9004_245088328767171578626124522821,/opt/data/beegfs/Task023_LUNA25/raw_splitted/labelsTs/1_3_6_1_4_1_14519_5_2_1_7009_9004_245088328767171578626124522821.json,/opt/data/beegfs/Task023_LUNA25/raw_splitted/labelsTs/1_3_6_1_4_1_14519_5_2_1_7009_9004_245088328767171578626124522821.nii.gz,ok,1,0,1,,1,,1,0,True,True
test,1_3_6_1_4_1_14519_5_2_1_7009_9004_245681881417010055779664195385,/opt/data/beegfs/Task023_LUNA25/raw_splitted/labelsTs/1_3_6_1_4_1_14519_5_2_1_7009_9004_245681881417010055779664195385.json,/opt/data/beegfs/Task023_LUNA25/raw_splitted/labelsTs/1_3_6_1_4_1_14519_5_2_1_7009_9004_245681881417010055779664195385.nii.gz,ok,2,0,1 2,,1 2,,2,0,True,True
test,1_3_6_1_4_1_14519_5_2_1_7009_9004_246173043931711854410177582434,/opt/data/beegfs/Task023_LUNA25/raw_splitted/labelsTs/1_3_6_1_4_1_14519_5_2_1_7009_9004_246173043931711854410177582434.json,/opt/data/beegfs/Task023_LUNA25/raw_splitted/labelsTs/1_3_6_1_4_1_14519_5_2_1_7009_9004_246173043931711854410177582434.nii.gz,ok,1,0,1,,1,,1,0,True,True
test,1_3_6_1_4_1_14519_5_2_1_7009_9004_247572693549235110017092241318,/opt/data/beegfs/Task023_LUNA25/raw_splitted/labelsTs/1_3_6_1_4_1_14519_5_2_1_7009_9004_247572693549235110017092241318.json,/opt/data/beegfs/Task023_LUNA25/raw_splitted/labelsTs/1_3_6_1_4_1_14519_5_2_1_7009_9004_247572693549235110017092241318.nii.gz,ok,1,0,1,,1,,1,0,True,True
test,1_3_6_1_4_1_14519_5_2_1_7009_9004_249092973504481361559054191919,/opt/data/beegfs/Task023_LUNA25/raw_splitted/labelsTs/1_3_6_1_4_1_14519_5_2_1_7009_9004_249092973504481361559054191919.json,/opt/data/beegfs/Task023_LUNA25/raw_splitted/labelsTs/1_3_6_1_4_1_14519_5_2_1_7009_9004_249092973504481361559054191919.nii.gz,ok,1,0,1,,1,,1,0,True,True
test,1_3_6_1_4_1_14519_5_2_1_7009_9004_252797055337507910782814572402,/opt/data/beegfs/Task023_LUNA25/raw_splitted/labelsTs/1_3_6_1_4_1_14519_5_2_1_7009_9004_252797055337507910782814572402.json,/opt/data/beegfs/Task023_LUNA25/raw_splitted/labelsTs/1_3_6_1_4_1_14519_5_2_1_7009_9004_252797055337507910782814572402.nii.gz,ok,1,0,1,,1,,1,0,True,True
test,1_3_6_1_4_1_14519_5_2_1_7009_9004_254022847406799766041597618428,/opt/data/beegfs/Task023_LUNA25/raw_splitted/labelsTs/1_3_6_1_4_1_14519_5_2_1_7009_9004_254022847406799766041597618428.json,/opt/data/beegfs/Task023_LUNA25/raw_splitted/labelsTs/1_3_6_1_4_1_14519_5_2_1_7009_9004_254022847406799766041597618428.nii.gz,ok,1,0,1,,1,,1,0,True,True
test,1_3_6_1_4_1_14519_5_2_1_7009_9004_254475546569488666652698626265,/opt/data/beegfs/Task023_LUNA25/raw_splitted/labelsTs/1_3_6_1_4_1_14519_5_2_1_7009_9004_254475546569488666652698626265.json,/opt/data/beegfs/Task023_LUNA25/raw_splitted/labelsTs/1_3_6_1_4_1_14519_5_2_1_7009_9004_254475546569488666652698626265.nii.gz,ok,1,0,1,,1,,1,0,True,True
test,1_3_6_1_4_1_14519_5_2_1_7009_9004_254700726407433751111086463530,/opt/data/beegfs/Task023_LUNA25/raw_splitted/labelsTs/1_3_6_1_4_1_14519_5_2_1_7009_9004_254700726407433751111086463530.json,/opt/data/beegfs/Task023_LUNA25/raw_splitted/labelsTs/1_3_6_1_4_1_14519_5_2_1_7009_9004_254700726407433751111086463530.nii.gz,ok,1,0,1,,1,,1,0,True,True
test,1_3_6_1_4_1_14519_5_2_1_7009_9004_255793297887656067628049074846,/opt/data/beegfs/Task023_LUNA25/raw_splitted/labelsTs/1_3_6_1_4_1_14519_5_2_1_7009_9004_255793297887656067628049074846.json,/opt/data/beegfs/Task023_LUNA25/raw_splitted/labelsTs/1_3_6_1_4_1_14519_5_2_1_7009_9004_255793297887656067628049074846.nii.gz,ok,1,0,1,,1,,1,0,True,True
test,1_3_6_1_4_1_14519_5_2_1_7009_9004_256022561495144490753662382418,/opt/data/beegfs/Task023_LUNA25/raw_splitted/labelsTs/1_3_6_1_4_1_14519_5_2_1_7009_9004_256022561495144490753662382418.json,/opt/data/beegfs/Task023_LUNA25/raw_splitted/labelsTs/1_3_6_1_4_1_14519_5_2_1_7009_9004_256022561495144490753662382418.nii.gz,ok,1,0,1,,1,,1,0,True,True
test,1_3_6_1_4_1_14519_5_2_1_7009_9004_258641225206737857950640366163,/opt/data/beegfs/Task023_LUNA25/raw_splitted/labelsTs/1_3_6_1_4_1_14519_5_2_1_7009_9004_258641225206737857950640366163.json,/opt/data/beegfs/Task023_LUNA25/raw_splitted/labelsTs/1_3_6_1_4_1_14519_5_2_1_7009_9004_258641225206737857950640366163.nii.gz,ok,1,0,1,,1,,1,0,True,True
test,1_3_6_1_4_1_14519_5_2_1_7009_9004_259672879284689977053078265684,/opt/data/beegfs/Task023_LUNA25/raw_splitted/labelsTs/1_3_6_1_4_1_14519_5_2_1_7009_9004_259672879284689977053078265684.json,/opt/data/beegfs/Task023_LUNA25/raw_splitted/labelsTs/1_3_6_1_4_1_14519_5_2_1_7009_9004_259672879284689977053078265684.nii.gz,ok,3,0,1 2 3,,1 2 3,,3,0,True,True
test,1_3_6_1_4_1_14519_5_2_1_7009_9004_259985463707593761439452026822,/opt/data/beegfs/Task023_LUNA25/raw_splitted/labelsTs/1_3_6_1_4_1_14519_5_2_1_7009_9004_259985463707593761439452026822.json,/opt/data/beegfs/Task023_LUNA25/raw_splitted/labelsTs/1_3_6_1_4_1_14519_5_2_1_7009_9004_259985463707593761439452026822.nii.gz,ok,2,0,1 2,,1 2,,2,0,True,True
test,1_3_6_1_4_1_14519_5_2_1_7009_9004_260114239839626796329970112530,/opt/data/beegfs/Task023_LUNA25/raw_splitted/labelsTs/1_3_6_1_4_1_14519_5_2_1_7009_9004_260114239839626796329970112530.json,/opt/data/beegfs/Task023_LUNA25/raw_splitted/labelsTs/1_3_6_1_4_1_14519_5_2_1_7009_9004_260114239839626796329970112530.nii.gz,ok,6,0,1 2 3 4 5 6,,1 2 3 4 5 6,,6,0,True,True
test,1_3_6_1_4_1_14519_5_2_1_7009_9004_260782154903230394480925993868,/opt/data/beegfs/Task023_LUNA25/raw_splitted/labelsTs/1_3_6_1_4_1_14519_5_2_1_7009_9004_260782154903230394480925993868.json,/opt/data/beegfs/Task023_LUNA25/raw_splitted/labelsTs/1_3_6_1_4_1_14519_5_2_1_7009_9004_260782154903230394480925993868.nii.gz,ok,1,0,1,,1,,1,0,True,True
test,1_3_6_1_4_1_14519_5_2_1_7009_9004_261090068612535682536784039518,/opt/data/beegfs/Task023_LUNA25/raw_splitted/labelsTs/1_3_6_1_4_1_14519_5_2_1_7009_9004_261090068612535682536784039518.json,/opt/data/beegfs/Task023_LUNA25/raw_splitted/labelsTs/1_3_6_1_4_1_14519_5_2_1_7009_9004_261090068612535682536784039518.nii.gz,ok,1,0,1,,1,,1,0,True,True
test,1_3_6_1_4_1_14519_5_2_1_7009_9004_261355120165654907711556613144,/opt/data/beegfs/Task023_LUNA25/raw_splitted/labelsTs/1_3_6_1_4_1_14519_5_2_1_7009_9004_261355120165654907711556613144.json,/opt/data/beegfs/Task023_LUNA25/raw_splitted/labelsTs/1_3_6_1_4_1_14519_5_2_1_7009_9004_261355120165654907711556613144.nii.gz,ok,1,0,1,,1,,1,0,True,True
test,1_3_6_1_4_1_14519_5_2_1_7009_9004_262737866390029208827899157410,/opt/data/beegfs/Task023_LUNA25/raw_splitted/labelsTs/1_3_6_1_4_1_14519_5_2_1_7009_9004_262737866390029208827899157410.json,/opt/data/beegfs/Task023_LUNA25/raw_splitted/labelsTs/1_3_6_1_4_1_14519_5_2_1_7009_9004_262737866390029208827899157410.nii.gz,ok,2,0,1 2,,1 2,,2,0,True,True
test,1_3_6_1_4_1_14519_5_2_1_7009_9004_265076645294278420451491835992,/opt/data/beegfs/Task023_LUNA25/raw_splitted/labelsTs/1_3_6_1_4_1_14519_5_2_1_7009_9004_265076645294278420451491835992.json,/opt/data/beegfs/Task023_LUNA25/raw_splitted/labelsTs/1_3_6_1_4_1_14519_5_2_1_7009_9004_265076645294278420451491835992.nii.gz,ok,1,0,1,,1,,1,0,True,True
test,1_3_6_1_4_1_14519_5_2_1_7009_9004_266723448417896775634316863647,/opt/data/beegfs/Task023_LUNA25/raw_splitted/labelsTs/1_3_6_1_4_1_14519_5_2_1_7009_9004_266723448417896775634316863647.json,/opt/data/beegfs/Task023_LUNA25/raw_splitted/labelsTs/1_3_6_1_4_1_14519_5_2_1_7009_9004_266723448417896775634316863647.nii.gz,ok,2,0,1 2,,1 2,,2,0,True,True
test,1_3_6_1_4_1_14519_5_2_1_7009_9004_266925286880990183380710736675,/opt/data/beegfs/Task023_LUNA25/raw_splitted/labelsTs/1_3_6_1_4_1_14519_5_2_1_7009_9004_266925286880990183380710736675.json,/opt/data/beegfs/Task023_LUNA25/raw_splitted/labelsTs/1_3_6_1_4_1_14519_5_2_1_7009_9004_266925286880990183380710736675.nii.gz,ok,5,0,1 2 3 4 5,,1 2 3 4 5,,5,0,True,True
test,1_3_6_1_4_1_14519_5_2_1_7009_9004_267107781250417111019205368544,/opt/data/beegfs/Task023_LUNA25/raw_splitted/labelsTs/1_3_6_1_4_1_14519_5_2_1_7009_9004_267107781250417111019205368544.json,/opt/data/beegfs/Task023_LUNA25/raw_splitted/labelsTs/1_3_6_1_4_1_14519_5_2_1_7009_9004_267107781250417111019205368544.nii.gz,ok,2,0,1 2,,1 2,,2,0,True,True
test,1_3_6_1_4_1_14519_5_2_1_7009_9004_267925019869922676037881110701,/opt/data/beegfs/Task023_LUNA25/raw_splitted/labelsTs/1_3_6_1_4_1_14519_5_2_1_7009_9004_267925019869922676037881110701.json,/opt/data/beegfs/Task023_LUNA25/raw_splitted/labelsTs/1_3_6_1_4_1_14519_5_2_1_7009_9004_267925019869922676037881110701.nii.gz,ok,1,0,1,,1,,1,0,True,True
test,1_3_6_1_4_1_14519_5_2_1_7009_9004_268216615730540381443428858210,/opt/data/beegfs/Task023_LUNA25/raw_splitted/labelsTs/1_3_6_1_4_1_14519_5_2_1_7009_9004_268216615730540381443428858210.json,/opt/data/beegfs/Task023_LUNA25/raw_splitted/labelsTs/1_3_6_1_4_1_14519_5_2_1_7009_9004_268216615730540381443428858210.nii.gz,ok,1,0,1,,1,,1,0,True,True
test,1_3_6_1_4_1_14519_5_2_1_7009_9004_271539349656902032213163511174,/opt/data/beegfs/Task023_LUNA25/raw_splitted/labelsTs/1_3_6_1_4_1_14519_5_2_1_7009_9004_271539349656902032213163511174.json,/opt/data/beegfs/Task023_LUNA25/raw_splitted/labelsTs/1_3_6_1_4_1_14519_5_2_1_7009_9004_271539349656902032213163511174.nii.gz,ok,6,0,1 2 3 4 5 6,,1 2 3 4 5 6,,6,0,True,True
test,1_3_6_1_4_1_14519_5_2_1_7009_9004_271604965664181249185278067549,/opt/data/beegfs/Task023_LUNA25/raw_splitted/labelsTs/1_3_6_1_4_1_14519_5_2_1_7009_9004_271604965664181249185278067549.json,/opt/data/beegfs/Task023_LUNA25/raw_splitted/labelsTs/1_3_6_1_4_1_14519_5_2_1_7009_9004_271604965664181249185278067549.nii.gz,ok,1,0,1,,1,,1,0,True,True
test,1_3_6_1_4_1_14519_5_2_1_7009_9004_272994458675729999843821009401,/opt/data/beegfs/Task023_LUNA25/raw_splitted/labelsTs/1_3_6_1_4_1_14519_5_2_1_7009_9004_272994458675729999843821009401.json,/opt/data/beegfs/Task023_LUNA25/raw_splitted/labelsTs/1_3_6_1_4_1_14519_5_2_1_7009_9004_272994458675729999843821009401.nii.gz,ok,1,0,1,,1,,1,0,True,True
test,1_3_6_1_4_1_14519_5_2_1_7009_9004_273681999132163323523618170273,/opt/data/beegfs/Task023_LUNA25/raw_splitted/labelsTs/1_3_6_1_4_1_14519_5_2_1_7009_9004_273681999132163323523618170273.json,/opt/data/beegfs/Task023_LUNA25/raw_splitted/labelsTs/1_3_6_1_4_1_14519_5_2_1_7009_9004_273681999132163323523618170273.nii.gz,ok,2,0,1 2,,1 2,,2,0,True,True
test,1_3_6_1_4_1_14519_5_2_1_7009_9004_275043591898038807516170891823,/opt/data/beegfs/Task023_LUNA25/raw_splitted/labelsTs/1_3_6_1_4_1_14519_5_2_1_7009_9004_275043591898038807516170891823.json,/opt/data/beegfs/Task023_LUNA25/raw_splitted/labelsTs/1_3_6_1_4_1_14519_5_2_1_7009_9004_275043591898038807516170891823.nii.gz,ok,1,0,1,,1,,1,0,True,True
test,1_3_6_1_4_1_14519_5_2_1_7009_9004_276510534497681410113337260816,/opt/data/beegfs/Task023_LUNA25/raw_splitted/labelsTs/1_3_6_1_4_1_14519_5_2_1_7009_9004_276510534497681410113337260816.json,/opt/data/beegfs/Task023_LUNA25/raw_splitted/labelsTs/1_3_6_1_4_1_14519_5_2_1_7009_9004_276510534497681410113337260816.nii.gz,ok,2,0,1 2,,1 2,,2,0,True,True
test,1_3_6_1_4_1_14519_5_2_1_7009_9004_277020524763388995689976584723,/opt/data/beegfs/Task023_LUNA25/raw_splitted/labelsTs/1_3_6_1_4_1_14519_5_2_1_7009_9004_277020524763388995689976584723.json,/opt/data/beegfs/Task023_LUNA25/raw_splitted/labelsTs/1_3_6_1_4_1_14519_5_2_1_7009_9004_277020524763388995689976584723.nii.gz,ok,1,0,1,,1,,1,0,True,True
test,1_3_6_1_4_1_14519_5_2_1_7009_9004_277644501336288475225865583754,/opt/data/beegfs/Task023_LUNA25/raw_splitted/labelsTs/1_3_6_1_4_1_14519_5_2_1_7009_9004_277644501336288475225865583754.json,/opt/data/beegfs/Task023_LUNA25/raw_splitted/labelsTs/1_3_6_1_4_1_14519_5_2_1_7009_9004_277644501336288475225865583754.nii.gz,ok,1,0,1,,1,,1,0,True,True
test,1_3_6_1_4_1_14519_5_2_1_7009_9004_277681901148087124672162588522,/opt/data/beegfs/Task023_LUNA25/raw_splitted/labelsTs/1_3_6_1_4_1_14519_5_2_1_7009_9004_277681901148087124672162588522.json,/opt/data/beegfs/Task023_LUNA25/raw_splitted/labelsTs/1_3_6_1_4_1_14519_5_2_1_7009_9004_277681901148087124672162588522.nii.gz,ok,1,0,1,,1,,1,0,True,True
test,1_3_6_1_4_1_14519_5_2_1_7009_9004_277979249905383890129851807650,/opt/data/beegfs/Task023_LUNA25/raw_splitted/labelsTs/1_3_6_1_4_1_14519_5_2_1_7009_9004_277979249905383890129851807650.json,/opt/data/beegfs/Task023_LUNA25/raw_splitted/labelsTs/1_3_6_1_4_1_14519_5_2_1_7009_9004_277979249905383890129851807650.nii.gz,ok,2,0,1 2,,1 2,,2,0,True,True
test,1_3_6_1_4_1_14519_5_2_1_7009_9004_278986702361576787447854597456,/opt/data/beegfs/Task023_LUNA25/raw_splitted/labelsTs/1_3_6_1_4_1_14519_5_2_1_7009_9004_278986702361576787447854597456.json,/opt/data/beegfs/Task023_LUNA25/raw_splitted/labelsTs/1_3_6_1_4_1_14519_5_2_1_7009_9004_278986702361576787447854597456.nii.gz,ok,1,0,1,,1,,1,0,True,True
test,1_3_6_1_4_1_14519_5_2_1_7009_9004_279207787408288335950569162553,/opt/data/beegfs/Task023_LUNA25/raw_splitted/labelsTs/1_3_6_1_4_1_14519_5_2_1_7009_9004_279207787408288335950569162553.json,/opt/data/beegfs/Task023_LUNA25/raw_splitted/labelsTs/1_3_6_1_4_1_14519_5_2_1_7009_9004_279207787408288335950569162553.nii.gz,ok,1,0,1,,1,,1,0,True,True
test,1_3_6_1_4_1_14519_5_2_1_7009_9004_283249889454831704539242158159,/opt/data/beegfs/Task023_LUNA25/raw_splitted/labelsTs/1_3_6_1_4_1_14519_5_2_1_7009_9004_283249889454831704539242158159.json,/opt/data/beegfs/Task023_LUNA25/raw_splitted/labelsTs/1_3_6_1_4_1_14519_5_2_1_7009_9004_283249889454831704539242158159.nii.gz,ok,1,0,1,,1,,1,0,True,True
test,1_3_6_1_4_1_14519_5_2_1_7009_9004_285247756493640561534297943584,/opt/data/beegfs/Task023_LUNA25/raw_splitted/labelsTs/1_3_6_1_4_1_14519_5_2_1_7009_9004_285247756493640561534297943584.json,/opt/data/beegfs/Task023_LUNA25/raw_splitted/labelsTs/1_3_6_1_4_1_14519_5_2_1_7009_9004_285247756493640561534297943584.nii.gz,ok,1,0,1,,1,,1,0,True,True
test,1_3_6_1_4_1_14519_5_2_1_7009_9004_285407279893570113786158504200,/opt/data/beegfs/Task023_LUNA25/raw_splitted/labelsTs/1_3_6_1_4_1_14519_5_2_1_7009_9004_285407279893570113786158504200.json,/opt/data/beegfs/Task023_LUNA25/raw_splitted/labelsTs/1_3_6_1_4_1_14519_5_2_1_7009_9004_285407279893570113786158504200.nii.gz,ok,1,0,1,,1,,1,0,True,True
test,1_3_6_1_4_1_14519_5_2_1_7009_9004_286252133939265766745515831526,/opt/data/beegfs/Task023_LUNA25/raw_splitted/labelsTs/1_3_6_1_4_1_14519_5_2_1_7009_9004_286252133939265766745515831526.json,/opt/data/beegfs/Task023_LUNA25/raw_splitted/labelsTs/1_3_6_1_4_1_14519_5_2_1_7009_9004_286252133939265766745515831526.nii.gz,ok,1,0,1,,1,,1,0,True,True
test,1_3_6_1_4_1_14519_5_2_1_7009_9004_288084276279488307379386222507,/opt/data/beegfs/Task023_LUNA25/raw_splitted/labelsTs/1_3_6_1_4_1_14519_5_2_1_7009_9004_288084276279488307379386222507.json,/opt/data/beegfs/Task023_LUNA25/raw_splitted/labelsTs/1_3_6_1_4_1_14519_5_2_1_7009_9004_288084276279488307379386222507.nii.gz,ok,2,0,1 2,,1 2,,2,0,True,True
test,1_3_6_1_4_1_14519_5_2_1_7009_9004_289110582196747905380389855239,/opt/data/beegfs/Task023_LUNA25/raw_splitted/labelsTs/1_3_6_1_4_1_14519_5_2_1_7009_9004_289110582196747905380389855239.json,/opt/data/beegfs/Task023_LUNA25/raw_splitted/labelsTs/1_3_6_1_4_1_14519_5_2_1_7009_9004_289110582196747905380389855239.nii.gz,ok,2,0,1 2,,1 2,,2,0,True,True
test,1_3_6_1_4_1_14519_5_2_1_7009_9004_290393751714096639225873409403,/opt/data/beegfs/Task023_LUNA25/raw_splitted/labelsTs/1_3_6_1_4_1_14519_5_2_1_7009_9004_290393751714096639225873409403.json,/opt/data/beegfs/Task023_LUNA25/raw_splitted/labelsTs/1_3_6_1_4_1_14519_5_2_1_7009_9004_290393751714096639225873409403.nii.gz,ok,1,0,1,,1,,1,0,True,True
test,1_3_6_1_4_1_14519_5_2_1_7009_9004_290672007542248830252528054204,/opt/data/beegfs/Task023_LUNA25/raw_splitted/labelsTs/1_3_6_1_4_1_14519_5_2_1_7009_9004_290672007542248830252528054204.json,/opt/data/beegfs/Task023_LUNA25/raw_splitted/labelsTs/1_3_6_1_4_1_14519_5_2_1_7009_9004_290672007542248830252528054204.nii.gz,ok,1,0,1,,1,,1,0,True,True
test,1_3_6_1_4_1_14519_5_2_1_7009_9004_292078314152661923383733758508,/opt/data/beegfs/Task023_LUNA25/raw_splitted/labelsTs/1_3_6_1_4_1_14519_5_2_1_7009_9004_292078314152661923383733758508.json,/opt/data/beegfs/Task023_LUNA25/raw_splitted/labelsTs/1_3_6_1_4_1_14519_5_2_1_7009_9004_292078314152661923383733758508.nii.gz,ok,6,0,1 2 3 4 5 6,,1 2 3 4 5 6,,6,0,True,True
test,1_3_6_1_4_1_14519_5_2_1_7009_9004_292270780431143120505459500051,/opt/data/beegfs/Task023_LUNA25/raw_splitted/labelsTs/1_3_6_1_4_1_14519_5_2_1_7009_9004_292270780431143120505459500051.json,/opt/data/beegfs/Task023_LUNA25/raw_splitted/labelsTs/1_3_6_1_4_1_14519_5_2_1_7009_9004_292270780431143120505459500051.nii.gz,ok,1,0,1,,1,,1,0,True,True
test,1_3_6_1_4_1_14519_5_2_1_7009_9004_296083011870325272672923342892,/opt/data/beegfs/Task023_LUNA25/raw_splitted/labelsTs/1_3_6_1_4_1_14519_5_2_1_7009_9004_296083011870325272672923342892.json,/opt/data/beegfs/Task023_LUNA25/raw_splitted/labelsTs/1_3_6_1_4_1_14519_5_2_1_7009_9004_296083011870325272672923342892.nii.gz,ok,2,0,1 2,,1 2,,2,0,True,True
test,1_3_6_1_4_1_14519_5_2_1_7009_9004_300903111140015128934272546749,/opt/data/beegfs/Task023_LUNA25/raw_splitted/labelsTs/1_3_6_1_4_1_14519_5_2_1_7009_9004_300903111140015128934272546749.json,/opt/data/beegfs/Task023_LUNA25/raw_splitted/labelsTs/1_3_6_1_4_1_14519_5_2_1_7009_9004_300903111140015128934272546749.nii.gz,ok,1,0,1,,1,,1,0,True,True
test,1_3_6_1_4_1_14519_5_2_1_7009_9004_302115368786011856919035505234,/opt/data/beegfs/Task023_LUNA25/raw_splitted/labelsTs/1_3_6_1_4_1_14519_5_2_1_7009_9004_302115368786011856919035505234.json,/opt/data/beegfs/Task023_LUNA25/raw_splitted/labelsTs/1_3_6_1_4_1_14519_5_2_1_7009_9004_302115368786011856919035505234.nii.gz,ok,1,0,1,,1,,1,0,True,True
test,1_3_6_1_4_1_14519_5_2_1_7009_9004_304004607937973827669330628330,/opt/data/beegfs/Task023_LUNA25/raw_splitted/labelsTs/1_3_6_1_4_1_14519_5_2_1_7009_9004_304004607937973827669330628330.json,/opt/data/beegfs/Task023_LUNA25/raw_splitted/labelsTs/1_3_6_1_4_1_14519_5_2_1_7009_9004_304004607937973827669330628330.nii.gz,ok,1,0,1,,1,,1,0,True,True
test,1_3_6_1_4_1_14519_5_2_1_7009_9004_304021728307790565972461001542,/opt/data/beegfs/Task023_LUNA25/raw_splitted/labelsTs/1_3_6_1_4_1_14519_5_2_1_7009_9004_304021728307790565972461001542.json,/opt/data/beegfs/Task023_LUNA25/raw_splitted/labelsTs/1_3_6_1_4_1_14519_5_2_1_7009_9004_304021728307790565972461001542.nii.gz,ok,5,0,1 2 3 4 5,,1 2 3 4 5,,5,0,True,True
test,1_3_6_1_4_1_14519_5_2_1_7009_9004_307397688126220642775648716492,/opt/data/beegfs/Task023_LUNA25/raw_splitted/labelsTs/1_3_6_1_4_1_14519_5_2_1_7009_9004_307397688126220642775648716492.json,/opt/data/beegfs/Task023_LUNA25/raw_splitted/labelsTs/1_3_6_1_4_1_14519_5_2_1_7009_9004_307397688126220642775648716492.nii.gz,ok,1,0,1,,1,,1,0,True,True
test,1_3_6_1_4_1_14519_5_2_1_7009_9004_307426328169852728838865100814,/opt/data/beegfs/Task023_LUNA25/raw_splitted/labelsTs/1_3_6_1_4_1_14519_5_2_1_7009_9004_307426328169852728838865100814.json,/opt/data/beegfs/Task023_LUNA25/raw_splitted/labelsTs/1_3_6_1_4_1_14519_5_2_1_7009_9004_307426328169852728838865100814.nii.gz,ok,1,0,1,,1,,1,0,True,True
test,1_3_6_1_4_1_14519_5_2_1_7009_9004_307732191254643798578781945324,/opt/data/beegfs/Task023_LUNA25/raw_splitted/labelsTs/1_3_6_1_4_1_14519_5_2_1_7009_9004_307732191254643798578781945324.json,/opt/data/beegfs/Task023_LUNA25/raw_splitted/labelsTs/1_3_6_1_4_1_14519_5_2_1_7009_9004_307732191254643798578781945324.nii.gz,ok,1,0,1,,1,,1,0,True,True
test,1_3_6_1_4_1_14519_5_2_1_7009_9004_309544629150253379684279910198,/opt/data/beegfs/Task023_LUNA25/raw_splitted/labelsTs/1_3_6_1_4_1_14519_5_2_1_7009_9004_309544629150253379684279910198.json,/opt/data/beegfs/Task023_LUNA25/raw_splitted/labelsTs/1_3_6_1_4_1_14519_5_2_1_7009_9004_309544629150253379684279910198.nii.gz,ok,1,0,1,,1,,1,0,True,True
test,1_3_6_1_4_1_14519_5_2_1_7009_9004_310377937804844033540465803171,/opt/data/beegfs/Task023_LUNA25/raw_splitted/labelsTs/1_3_6_1_4_1_14519_5_2_1_7009_9004_310377937804844033540465803171.json,/opt/data/beegfs/Task023_LUNA25/raw_splitted/labelsTs/1_3_6_1_4_1_14519_5_2_1_7009_9004_310377937804844033540465803171.nii.gz,ok,5,0,1 2 3 4 5,,1 2 3 4 5,,5,0,True,True
test,1_3_6_1_4_1_14519_5_2_1_7009_9004_310388560244552882447021663549,/opt/data/beegfs/Task023_LUNA25/raw_splitted/labelsTs/1_3_6_1_4_1_14519_5_2_1_7009_9004_310388560244552882447021663549.json,/opt/data/beegfs/Task023_LUNA25/raw_splitted/labelsTs/1_3_6_1_4_1_14519_5_2_1_7009_9004_310388560244552882447021663549.nii.gz,ok,1,0,1,,1,,1,0,True,True
test,1_3_6_1_4_1_14519_5_2_1_7009_9004_311657558735688452443759360564,/opt/data/beegfs/Task023_LUNA25/raw_splitted/labelsTs/1_3_6_1_4_1_14519_5_2_1_7009_9004_311657558735688452443759360564.json,/opt/data/beegfs/Task023_LUNA25/raw_splitted/labelsTs/1_3_6_1_4_1_14519_5_2_1_7009_9004_311657558735688452443759360564.nii.gz,ok,1,0,1,,1,,1,0,True,True
test,1_3_6_1_4_1_14519_5_2_1_7009_9004_311669262139306484295090603383,/opt/data/beegfs/Task023_LUNA25/raw_splitted/labelsTs/1_3_6_1_4_1_14519_5_2_1_7009_9004_311669262139306484295090603383.json,/opt/data/beegfs/Task023_LUNA25/raw_splitted/labelsTs/1_3_6_1_4_1_14519_5_2_1_7009_9004_311669262139306484295090603383.nii.gz,ok,1,0,1,,1,,1,0,True,True
test,1_3_6_1_4_1_14519_5_2_1_7009_9004_312544308916868550210427782419,/opt/data/beegfs/Task023_LUNA25/raw_splitted/labelsTs/1_3_6_1_4_1_14519_5_2_1_7009_9004_312544308916868550210427782419.json,/opt/data/beegfs/Task023_LUNA25/raw_splitted/labelsTs/1_3_6_1_4_1_14519_5_2_1_7009_9004_312544308916868550210427782419.nii.gz,ok,1,0,1,,1,,1,0,True,True
test,1_3_6_1_4_1_14519_5_2_1_7009_9004_312684650046768026688827111700,/opt/data/beegfs/Task023_LUNA25/raw_splitted/labelsTs/1_3_6_1_4_1_14519_5_2_1_7009_9004_312684650046768026688827111700.json,/opt/data/beegfs/Task023_LUNA25/raw_splitted/labelsTs/1_3_6_1_4_1_14519_5_2_1_7009_9004_312684650046768026688827111700.nii.gz,ok,1,0,1,,1,,1,0,True,True
test,1_3_6_1_4_1_14519_5_2_1_7009_9004_314492676347966186014530912135,/opt/data/beegfs/Task023_LUNA25/raw_splitted/labelsTs/1_3_6_1_4_1_14519_5_2_1_7009_9004_314492676347966186014530912135.json,/opt/data/beegfs/Task023_LUNA25/raw_splitted/labelsTs/1_3_6_1_4_1_14519_5_2_1_7009_9004_314492676347966186014530912135.nii.gz,ok,2,0,1 2,,1 2,,2,0,True,True
test,1_3_6_1_4_1_14519_5_2_1_7009_9004_315715544214233057042913248888,/opt/data/beegfs/Task023_LUNA25/raw_splitted/labelsTs/1_3_6_1_4_1_14519_5_2_1_7009_9004_315715544214233057042913248888.json,/opt/data/beegfs/Task023_LUNA25/raw_splitted/labelsTs/1_3_6_1_4_1_14519_5_2_1_7009_9004_315715544214233057042913248888.nii.gz,ok,2,0,1 2,,1 2,,2,0,True,True
test,1_3_6_1_4_1_14519_5_2_1_7009_9004_318306490005426650756067726172,/opt/data/beegfs/Task023_LUNA25/raw_splitted/labelsTs/1_3_6_1_4_1_14519_5_2_1_7009_9004_318306490005426650756067726172.json,/opt/data/beegfs/Task023_LUNA25/raw_splitted/labelsTs/1_3_6_1_4_1_14519_5_2_1_7009_9004_318306490005426650756067726172.nii.gz,ok,1,0,1,,1,,1,0,True,True
test,1_3_6_1_4_1_14519_5_2_1_7009_9004_319740680237623518247679519331,/opt/data/beegfs/Task023_LUNA25/raw_splitted/labelsTs/1_3_6_1_4_1_14519_5_2_1_7009_9004_319740680237623518247679519331.json,/opt/data/beegfs/Task023_LUNA25/raw_splitted/labelsTs/1_3_6_1_4_1_14519_5_2_1_7009_9004_319740680237623518247679519331.nii.gz,ok,1,0,1,,1,,1,0,True,True
test,1_3_6_1_4_1_14519_5_2_1_7009_9004_319911035565551195746021842963,/opt/data/beegfs/Task023_LUNA25/raw_splitted/labelsTs/1_3_6_1_4_1_14519_5_2_1_7009_9004_319911035565551195746021842963.json,/opt/data/beegfs/Task023_LUNA25/raw_splitted/labelsTs/1_3_6_1_4_1_14519_5_2_1_7009_9004_319911035565551195746021842963.nii.gz,ok,1,0,1,,1,,1,0,True,True
test,1_3_6_1_4_1_14519_5_2_1_7009_9004_320892607564829900582207659458,/opt/data/beegfs/Task023_LUNA25/raw_splitted/labelsTs/1_3_6_1_4_1_14519_5_2_1_7009_9004_320892607564829900582207659458.json,/opt/data/beegfs/Task023_LUNA25/raw_splitted/labelsTs/1_3_6_1_4_1_14519_5_2_1_7009_9004_320892607564829900582207659458.nii.gz,ok,1,0,1,,1,,1,0,True,True
test,1_3_6_1_4_1_14519_5_2_1_7009_9004_324959506501394764132768419933,/opt/data/beegfs/Task023_LUNA25/raw_splitted/labelsTs/1_3_6_1_4_1_14519_5_2_1_7009_9004_324959506501394764132768419933.json,/opt/data/beegfs/Task023_LUNA25/raw_splitted/labelsTs/1_3_6_1_4_1_14519_5_2_1_7009_9004_324959506501394764132768419933.nii.gz,ok,1,0,1,,1,,1,0,True,True
test,1_3_6_1_4_1_14519_5_2_1_7009_9004_326652722868765760512456527653,/opt/data/beegfs/Task023_LUNA25/raw_splitted/labelsTs/1_3_6_1_4_1_14519_5_2_1_7009_9004_326652722868765760512456527653.json,/opt/data/beegfs/Task023_LUNA25/raw_splitted/labelsTs/1_3_6_1_4_1_14519_5_2_1_7009_9004_326652722868765760512456527653.nii.gz,ok,1,0,1,,1,,1,0,True,True
test,1_3_6_1_4_1_14519_5_2_1_7009_9004_326816929142049261332650766162,/opt/data/beegfs/Task023_LUNA25/raw_splitted/labelsTs/1_3_6_1_4_1_14519_5_2_1_7009_9004_326816929142049261332650766162.json,/opt/data/beegfs/Task023_LUNA25/raw_splitted/labelsTs/1_3_6_1_4_1_14519_5_2_1_7009_9004_326816929142049261332650766162.nii.gz,ok,1,0,1,,1,,1,0,True,True
test,1_3_6_1_4_1_14519_5_2_1_7009_9004_326876914565850113845712126125,/opt/data/beegfs/Task023_LUNA25/raw_splitted/labelsTs/1_3_6_1_4_1_14519_5_2_1_7009_9004_326876914565850113845712126125.json,/opt/data/beegfs/Task023_LUNA25/raw_splitted/labelsTs/1_3_6_1_4_1_14519_5_2_1_7009_9004_326876914565850113845712126125.nii.gz,ok,1,0,1,,1,,1,0,True,True
test,1_3_6_1_4_1_14519_5_2_1_7009_9004_327552511255796976055274482595,/opt/data/beegfs/Task023_LUNA25/raw_splitted/labelsTs/1_3_6_1_4_1_14519_5_2_1_7009_9004_327552511255796976055274482595.json,/opt/data/beegfs/Task023_LUNA25/raw_splitted/labelsTs/1_3_6_1_4_1_14519_5_2_1_7009_9004_327552511255796976055274482595.nii.gz,ok,2,0,1 2,,1 2,,2,0,True,True
test,1_3_6_1_4_1_14519_5_2_1_7009_9004_330648611647506498526866093590,/opt/data/beegfs/Task023_LUNA25/raw_splitted/labelsTs/1_3_6_1_4_1_14519_5_2_1_7009_9004_330648611647506498526866093590.json,/opt/data/beegfs/Task023_LUNA25/raw_splitted/labelsTs/1_3_6_1_4_1_14519_5_2_1_7009_9004_330648611647506498526866093590.nii.gz,ok,1,0,1,,1,,1,0,True,True
test,1_3_6_1_4_1_14519_5_2_1_7009_9004_331016903329104624331900673043,/opt/data/beegfs/Task023_LUNA25/raw_splitted/labelsTs/1_3_6_1_4_1_14519_5_2_1_7009_9004_331016903329104624331900673043.json,/opt/data/beegfs/Task023_LUNA25/raw_splitted/labelsTs/1_3_6_1_4_1_14519_5_2_1_7009_9004_331016903329104624331900673043.nii.gz,ok,1,0,1,,1,,1,0,True,True
test,1_3_6_1_4_1_14519_5_2_1_7009_9004_332402880740372581557164219521,/opt/data/beegfs/Task023_LUNA25/raw_splitted/labelsTs/1_3_6_1_4_1_14519_5_2_1_7009_9004_332402880740372581557164219521.json,/opt/data/beegfs/Task023_LUNA25/raw_splitted/labelsTs/1_3_6_1_4_1_14519_5_2_1_7009_9004_332402880740372581557164219521.nii.gz,ok,2,0,1 2,,1 2,,2,0,True,True
test,1_3_6_1_4_1_14519_5_2_1_7009_9004_332430539689843479343110587116,/opt/data/beegfs/Task023_LUNA25/raw_splitted/labelsTs/1_3_6_1_4_1_14519_5_2_1_7009_9004_332430539689843479343110587116.json,/opt/data/beegfs/Task023_LUNA25/raw_splitted/labelsTs/1_3_6_1_4_1_14519_5_2_1_7009_9004_332430539689843479343110587116.nii.gz,ok,1,0,1,,1,,1,0,True,True
test,1_3_6_1_4_1_14519_5_2_1_7009_9004_333024092084342180581884980859,/opt/data/beegfs/Task023_LUNA25/raw_splitted/labelsTs/1_3_6_1_4_1_14519_5_2_1_7009_9004_333024092084342180581884980859.json,/opt/data/beegfs/Task023_LUNA25/raw_splitted/labelsTs/1_3_6_1_4_1_14519_5_2_1_7009_9004_333024092084342180581884980859.nii.gz,ok,6,0,1 2 3 4 5 6,,1 2 3 4 5 6,,6,0,True,True
test,1_3_6_1_4_1_14519_5_2_1_7009_9004_334564185972353241535208869152,/opt/data/beegfs/Task023_LUNA25/raw_splitted/labelsTs/1_3_6_1_4_1_14519_5_2_1_7009_9004_334564185972353241535208869152.json,/opt/data/beegfs/Task023_LUNA25/raw_splitted/labelsTs/1_3_6_1_4_1_14519_5_2_1_7009_9004_334564185972353241535208869152.nii.gz,ok,1,0,1,,1,,1,0,True,True
test,1_3_6_1_4_1_14519_5_2_1_7009_9004_336208194912984016481713267312,/opt/data/beegfs/Task023_LUNA25/raw_splitted/labelsTs/1_3_6_1_4_1_14519_5_2_1_7009_9004_336208194912984016481713267312.json,/opt/data/beegfs/Task023_LUNA25/raw_splitted/labelsTs/1_3_6_1_4_1_14519_5_2_1_7009_9004_336208194912984016481713267312.nii.gz,ok,1,0,1,,1,,1,0,True,True
test,1_3_6_1_4_1_14519_5_2_1_7009_9004_337989011907778782753651851514,/opt/data/beegfs/Task023_LUNA25/raw_splitted/labelsTs/1_3_6_1_4_1_14519_5_2_1_7009_9004_337989011907778782753651851514.json,/opt/data/beegfs/Task023_LUNA25/raw_splitted/labelsTs/1_3_6_1_4_1_14519_5_2_1_7009_9004_337989011907778782753651851514.nii.gz,ok,2,0,1 2,,1 2,,2,0,True,True
test,1_3_6_1_4_1_14519_5_2_1_7009_9004_339527647074072956113235116586,/opt/data/beegfs/Task023_LUNA25/raw_splitted/labelsTs/1_3_6_1_4_1_14519_5_2_1_7009_9004_339527647074072956113235116586.json,/opt/data/beegfs/Task023_LUNA25/raw_splitted/labelsTs/1_3_6_1_4_1_14519_5_2_1_7009_9004_339527647074072956113235116586.nii.gz,ok,1,0,1,,1,,1,0,True,True
test,1_3_6_1_4_1_14519_5_2_1_7009_9004_339956099526298225888243880316,/opt/data/beegfs/Task023_LUNA25/raw_splitted/labelsTs/1_3_6_1_4_1_14519_5_2_1_7009_9004_339956099526298225888243880316.json,/opt/data/beegfs/Task023_LUNA25/raw_splitted/labelsTs/1_3_6_1_4_1_14519_5_2_1_7009_9004_339956099526298225888243880316.nii.gz,ok,1,0,1,,1,,1,0,True,True
test,1_3_6_1_4_1_14519_5_2_1_7009_9004_339999179301677490439809065797,/opt/data/beegfs/Task023_LUNA25/raw_splitted/labelsTs/1_3_6_1_4_1_14519_5_2_1_7009_9004_339999179301677490439809065797.json,/opt/data/beegfs/Task023_LUNA25/raw_splitted/labelsTs/1_3_6_1_4_1_14519_5_2_1_7009_9004_339999179301677490439809065797.nii.gz,ok,1,0,1,,1,,1,0,True,True
test,1_3_6_1_4_1_14519_5_2_1_7009_9004_343096108182822075478621373598,/opt/data/beegfs/Task023_LUNA25/raw_splitted/labelsTs/1_3_6_1_4_1_14519_5_2_1_7009_9004_343096108182822075478621373598.json,/opt/data/beegfs/Task023_LUNA25/raw_splitted/labelsTs/1_3_6_1_4_1_14519_5_2_1_7009_9004_343096108182822075478621373598.nii.gz,ok,1,0,1,,1,,1,0,True,True
test,1_3_6_1_4_1_14519_5_2_1_7009_9004_348569528098958503144584025295,/opt/data/beegfs/Task023_LUNA25/raw_splitted/labelsTs/1_3_6_1_4_1_14519_5_2_1_7009_9004_348569528098958503144584025295.json,/opt/data/beegfs/Task023_LUNA25/raw_splitted/labelsTs/1_3_6_1_4_1_14519_5_2_1_7009_9004_348569528098958503144584025295.nii.gz,ok,1,0,1,,1,,1,0,True,True
test,1_3_6_1_4_1_14519_5_2_1_7009_9004_358849001038734145666547962056,/opt/data/beegfs/Task023_LUNA25/raw_splitted/labelsTs/1_3_6_1_4_1_14519_5_2_1_7009_9004_358849001038734145666547962056.json,/opt/data/beegfs/Task023_LUNA25/raw_splitted/labelsTs/1_3_6_1_4_1_14519_5_2_1_7009_9004_358849001038734145666547962056.nii.gz,ok,1,0,1,,1,,1,0,True,True
test,1_3_6_1_4_1_14519_5_2_1_7009_9004_362915507756479024173410083188,/opt/data/beegfs/Task023_LUNA25/raw_splitted/labelsTs/1_3_6_1_4_1_14519_5_2_1_7009_9004_362915507756479024173410083188.json,/opt/data/beegfs/Task023_LUNA25/raw_splitted/labelsTs/1_3_6_1_4_1_14519_5_2_1_7009_9004_362915507756479024173410083188.nii.gz,ok,2,0,1 2,,1 2,,2,0,True,True
test,1_3_6_1_4_1_14519_5_2_1_7009_9004_369224398978379949721101009007,/opt/data/beegfs/Task023_LUNA25/raw_splitted/labelsTs/1_3_6_1_4_1_14519_5_2_1_7009_9004_369224398978379949721101009007.json,/opt/data/beegfs/Task023_LUNA25/raw_splitted/labelsTs/1_3_6_1_4_1_14519_5_2_1_7009_9004_369224398978379949721101009007.nii.gz,ok,1,0,1,,1,,1,0,True,True
test,1_3_6_1_4_1_14519_5_2_1_7009_9004_371579775666481788679945954044,/opt/data/beegfs/Task023_LUNA25/raw_splitted/labelsTs/1_3_6_1_4_1_14519_5_2_1_7009_9004_371579775666481788679945954044.json,/opt/data/beegfs/Task023_LUNA25/raw_splitted/labelsTs/1_3_6_1_4_1_14519_5_2_1_7009_9004_371579775666481788679945954044.nii.gz,ok,1,0,1,,1,,1,0,True,True
test,1_3_6_1_4_1_14519_5_2_1_7009_9004_374282316203951705378880091709,/opt/data/beegfs/Task023_LUNA25/raw_splitted/labelsTs/1_3_6_1_4_1_14519_5_2_1_7009_9004_374282316203951705378880091709.json,/opt/data/beegfs/Task023_LUNA25/raw_splitted/labelsTs/1_3_6_1_4_1_14519_5_2_1_7009_9004_374282316203951705378880091709.nii.gz,ok,1,0,1,,1,,1,0,True,True
test,1_3_6_1_4_1_14519_5_2_1_7009_9004_376411648157367452074366083348,/opt/data/beegfs/Task023_LUNA25/raw_splitted/labelsTs/1_3_6_1_4_1_14519_5_2_1_7009_9004_376411648157367452074366083348.json,/opt/data/beegfs/Task023_LUNA25/raw_splitted/labelsTs/1_3_6_1_4_1_14519_5_2_1_7009_9004_376411648157367452074366083348.nii.gz,ok,4,0,1 2 3 4,,1 2 3 4,,4,0,True,True
test,1_3_6_1_4_1_14519_5_2_1_7009_9004_397191238056363270486860885446,/opt/data/beegfs/Task023_LUNA25/raw_splitted/labelsTs/1_3_6_1_4_1_14519_5_2_1_7009_9004_397191238056363270486860885446.json,/opt/data/beegfs/Task023_LUNA25/raw_splitted/labelsTs/1_3_6_1_4_1_14519_5_2_1_7009_9004_397191238056363270486860885446.nii.gz,ok,3,0,1 2 3,,1 2 3,,3,0,True,True
test,1_3_6_1_4_1_14519_5_2_1_7009_9004_401862589013349125493694494808,/opt/data/beegfs/Task023_LUNA25/raw_splitted/labelsTs/1_3_6_1_4_1_14519_5_2_1_7009_9004_401862589013349125493694494808.json,/opt/data/beegfs/Task023_LUNA25/raw_splitted/labelsTs/1_3_6_1_4_1_14519_5_2_1_7009_9004_401862589013349125493694494808.nii.gz,ok,1,0,1,,1,,1,0,True,True
test,1_3_6_1_4_1_14519_5_2_1_7009_9004_411484390325959365975717298786,/opt/data/beegfs/Task023_LUNA25/raw_splitted/labelsTs/1_3_6_1_4_1_14519_5_2_1_7009_9004_411484390325959365975717298786.json,/opt/data/beegfs/Task023_LUNA25/raw_splitted/labelsTs/1_3_6_1_4_1_14519_5_2_1_7009_9004_411484390325959365975717298786.nii.gz,ok,2,0,1 2,,1 2,,2,0,True,True
test,1_3_6_1_4_1_14519_5_2_1_7009_9004_413019080771156256310368961078,/opt/data/beegfs/Task023_LUNA25/raw_splitted/labelsTs/1_3_6_1_4_1_14519_5_2_1_7009_9004_413019080771156256310368961078.json,/opt/data/beegfs/Task023_LUNA25/raw_splitted/labelsTs/1_3_6_1_4_1_14519_5_2_1_7009_9004_413019080771156256310368961078.nii.gz,ok,1,0,1,,1,,1,0,True,True
test,1_3_6_1_4_1_14519_5_2_1_7009_9004_423762927048574434512372560240,/opt/data/beegfs/Task023_LUNA25/raw_splitted/labelsTs/1_3_6_1_4_1_14519_5_2_1_7009_9004_423762927048574434512372560240.json,/opt/data/beegfs/Task023_LUNA25/raw_splitted/labelsTs/1_3_6_1_4_1_14519_5_2_1_7009_9004_423762927048574434512372560240.nii.gz,ok,1,0,1,,1,,1,0,True,True
test,1_3_6_1_4_1_14519_5_2_1_7009_9004_429532416876263059652315461453,/opt/data/beegfs/Task023_LUNA25/raw_splitted/labelsTs/1_3_6_1_4_1_14519_5_2_1_7009_9004_429532416876263059652315461453.json,/opt/data/beegfs/Task023_LUNA25/raw_splitted/labelsTs/1_3_6_1_4_1_14519_5_2_1_7009_9004_429532416876263059652315461453.nii.gz,ok,1,0,1,,1,,1,0,True,True
test,1_3_6_1_4_1_14519_5_2_1_7009_9004_431340245020630324168228318327,/opt/data/beegfs/Task023_LUNA25/raw_splitted/labelsTs/1_3_6_1_4_1_14519_5_2_1_7009_9004_431340245020630324168228318327.json,/opt/data/beegfs/Task023_LUNA25/raw_splitted/labelsTs/1_3_6_1_4_1_14519_5_2_1_7009_9004_431340245020630324168228318327.nii.gz,ok,2,0,1 2,,1 2,,2,0,True,True
test,1_3_6_1_4_1_14519_5_2_1_7009_9004_438418240311609784762624572120,/opt/data/beegfs/Task023_LUNA25/raw_splitted/labelsTs/1_3_6_1_4_1_14519_5_2_1_7009_9004_438418240311609784762624572120.json,/opt/data/beegfs/Task023_LUNA25/raw_splitted/labelsTs/1_3_6_1_4_1_14519_5_2_1_7009_9004_438418240311609784762624572120.nii.gz,ok,4,0,1 2 3 4,,1 2 3 4,,4,0,True,True
test,1_3_6_1_4_1_14519_5_2_1_7009_9004_451746007006012805964446122033,/opt/data/beegfs/Task023_LUNA25/raw_splitted/labelsTs/1_3_6_1_4_1_14519_5_2_1_7009_9004_451746007006012805964446122033.json,/opt/data/beegfs/Task023_LUNA25/raw_splitted/labelsTs/1_3_6_1_4_1_14519_5_2_1_7009_9004_451746007006012805964446122033.nii.gz,ok,1,0,1,,1,,1,0,True,True
test,1_3_6_1_4_1_14519_5_2_1_7009_9004_457628693827346525542059421509,/opt/data/beegfs/Task023_LUNA25/raw_splitted/labelsTs/1_3_6_1_4_1_14519_5_2_1_7009_9004_457628693827346525542059421509.json,/opt/data/beegfs/Task023_LUNA25/raw_splitted/labelsTs/1_3_6_1_4_1_14519_5_2_1_7009_9004_457628693827346525542059421509.nii.gz,ok,1,0,1,,1,,1,0,True,True
test,1_3_6_1_4_1_14519_5_2_1_7009_9004_464948996067495390054868983134,/opt/data/beegfs/Task023_LUNA25/raw_splitted/labelsTs/1_3_6_1_4_1_14519_5_2_1_7009_9004_464948996067495390054868983134.json,/opt/data/beegfs/Task023_LUNA25/raw_splitted/labelsTs/1_3_6_1_4_1_14519_5_2_1_7009_9004_464948996067495390054868983134.nii.gz,ok,1,0,1,,1,,1,0,True,True
test,1_3_6_1_4_1_14519_5_2_1_7009_9004_487552207128680515667887673372,/opt/data/beegfs/Task023_LUNA25/raw_splitted/labelsTs/1_3_6_1_4_1_14519_5_2_1_7009_9004_487552207128680515667887673372.json,/opt/data/beegfs/Task023_LUNA25/raw_splitted/labelsTs/1_3_6_1_4_1_14519_5_2_1_7009_9004_487552207128680515667887673372.nii.gz,ok,1,0,1,,1,,1,0,True,True
test,1_3_6_1_4_1_14519_5_2_1_7009_9004_492551177307553109361023515067,/opt/data/beegfs/Task023_LUNA25/raw_splitted/labelsTs/1_3_6_1_4_1_14519_5_2_1_7009_9004_492551177307553109361023515067.json,/opt/data/beegfs/Task023_LUNA25/raw_splitted/labelsTs/1_3_6_1_4_1_14519_5_2_1_7009_9004_492551177307553109361023515067.nii.gz,ok,1,0,1,,1,,1,0,True,True
test,1_3_6_1_4_1_14519_5_2_1_7009_9004_505172577892473685846095301919,/opt/data/beegfs/Task023_LUNA25/raw_splitted/labelsTs/1_3_6_1_4_1_14519_5_2_1_7009_9004_505172577892473685846095301919.json,/opt/data/beegfs/Task023_LUNA25/raw_splitted/labelsTs/1_3_6_1_4_1_14519_5_2_1_7009_9004_505172577892473685846095301919.nii.gz,ok,2,0,1 2,,1 2,,2,0,True,True
test,1_3_6_1_4_1_14519_5_2_1_7009_9004_510280708411972615961603054793,/opt/data/beegfs/Task023_LUNA25/raw_splitted/labelsTs/1_3_6_1_4_1_14519_5_2_1_7009_9004_510280708411972615961603054793.json,/opt/data/beegfs/Task023_LUNA25/raw_splitted/labelsTs/1_3_6_1_4_1_14519_5_2_1_7009_9004_510280708411972615961603054793.nii.gz,ok,1,0,1,,1,,1,0,True,True
test,1_3_6_1_4_1_14519_5_2_1_7009_9004_537504268049732641329652223090,/opt/data/beegfs/Task023_LUNA25/raw_splitted/labelsTs/1_3_6_1_4_1_14519_5_2_1_7009_9004_537504268049732641329652223090.json,/opt/data/beegfs/Task023_LUNA25/raw_splitted/labelsTs/1_3_6_1_4_1_14519_5_2_1_7009_9004_537504268049732641329652223090.nii.gz,ok,2,0,1 2,,1 2,,2,0,True,True
test,1_3_6_1_4_1_14519_5_2_1_7009_9004_543116835158416238819359856077,/opt/data/beegfs/Task023_LUNA25/raw_splitted/labelsTs/1_3_6_1_4_1_14519_5_2_1_7009_9004_543116835158416238819359856077.json,/opt/data/beegfs/Task023_LUNA25/raw_splitted/labelsTs/1_3_6_1_4_1_14519_5_2_1_7009_9004_543116835158416238819359856077.nii.gz,ok,1,0,1,,1,,1,0,True,True
test,1_3_6_1_4_1_14519_5_2_1_7009_9004_558984533990480377815364369623,/opt/data/beegfs/Task023_LUNA25/raw_splitted/labelsTs/1_3_6_1_4_1_14519_5_2_1_7009_9004_558984533990480377815364369623.json,/opt/data/beegfs/Task023_LUNA25/raw_splitted/labelsTs/1_3_6_1_4_1_14519_5_2_1_7009_9004_558984533990480377815364369623.nii.gz,ok,1,0,1,,1,,1,0,True,True
test,1_3_6_1_4_1_14519_5_2_1_7009_9004_564506291211196036774302813300,/opt/data/beegfs/Task023_LUNA25/raw_splitted/labelsTs/1_3_6_1_4_1_14519_5_2_1_7009_9004_564506291211196036774302813300.json,/opt/data/beegfs/Task023_LUNA25/raw_splitted/labelsTs/1_3_6_1_4_1_14519_5_2_1_7009_9004_564506291211196036774302813300.nii.gz,ok,1,0,1,,1,,1,0,True,True
test,1_3_6_1_4_1_14519_5_2_1_7009_9004_575931336034980596218878333924,/opt/data/beegfs/Task023_LUNA25/raw_splitted/labelsTs/1_3_6_1_4_1_14519_5_2_1_7009_9004_575931336034980596218878333924.json,/opt/data/beegfs/Task023_LUNA25/raw_splitted/labelsTs/1_3_6_1_4_1_14519_5_2_1_7009_9004_575931336034980596218878333924.nii.gz,ok,1,0,1,,1,,1,0,True,True
test,1_3_6_1_4_1_14519_5_2_1_7009_9004_580403672217272585768095807881,/opt/data/beegfs/Task023_LUNA25/raw_splitted/labelsTs/1_3_6_1_4_1_14519_5_2_1_7009_9004_580403672217272585768095807881.json,/opt/data/beegfs/Task023_LUNA25/raw_splitted/labelsTs/1_3_6_1_4_1_14519_5_2_1_7009_9004_580403672217272585768095807881.nii.gz,ok,2,0,1 2,,1 2,,2,0,True,True
test,1_3_6_1_4_1_14519_5_2_1_7009_9004_592245994702056920303927015307,/opt/data/beegfs/Task023_LUNA25/raw_splitted/labelsTs/1_3_6_1_4_1_14519_5_2_1_7009_9004_592245994702056920303927015307.json,/opt/data/beegfs/Task023_LUNA25/raw_splitted/labelsTs/1_3_6_1_4_1_14519_5_2_1_7009_9004_592245994702056920303927015307.nii.gz,ok,1,0,1,,1,,1,0,True,True
test,1_3_6_1_4_1_14519_5_2_1_7009_9004_595588937977656225333905915469,/opt/data/beegfs/Task023_LUNA25/raw_splitted/labelsTs/1_3_6_1_4_1_14519_5_2_1_7009_9004_595588937977656225333905915469.json,/opt/data/beegfs/Task023_LUNA25/raw_splitted/labelsTs/1_3_6_1_4_1_14519_5_2_1_7009_9004_595588937977656225333905915469.nii.gz,ok,2,0,1 2,,1 2,,2,0,True,True
test,1_3_6_1_4_1_14519_5_2_1_7009_9004_614366035820181931090924757953,/opt/data/beegfs/Task023_LUNA25/raw_splitted/labelsTs/1_3_6_1_4_1_14519_5_2_1_7009_9004_614366035820181931090924757953.json,/opt/data/beegfs/Task023_LUNA25/raw_splitted/labelsTs/1_3_6_1_4_1_14519_5_2_1_7009_9004_614366035820181931090924757953.nii.gz,ok,2,0,1 2,,1 2,,2,0,True,True
test,1_3_6_1_4_1_14519_5_2_1_7009_9004_636816899527068425293982308578,/opt/data/beegfs/Task023_LUNA25/raw_splitted/labelsTs/1_3_6_1_4_1_14519_5_2_1_7009_9004_636816899527068425293982308578.json,/opt/data/beegfs/Task023_LUNA25/raw_splitted/labelsTs/1_3_6_1_4_1_14519_5_2_1_7009_9004_636816899527068425293982308578.nii.gz,ok,1,0,1,,1,,1,0,True,True
test,1_3_6_1_4_1_14519_5_2_1_7009_9004_639093003688687943085941309850,/opt/data/beegfs/Task023_LUNA25/raw_splitted/labelsTs/1_3_6_1_4_1_14519_5_2_1_7009_9004_639093003688687943085941309850.json,/opt/data/beegfs/Task023_LUNA25/raw_splitted/labelsTs/1_3_6_1_4_1_14519_5_2_1_7009_9004_639093003688687943085941309850.nii.gz,ok,1,0,1,,1,,1,0,True,True
test,1_3_6_1_4_1_14519_5_2_1_7009_9004_671648650445601641022169811364,/opt/data/beegfs/Task023_LUNA25/raw_splitted/labelsTs/1_3_6_1_4_1_14519_5_2_1_7009_9004_671648650445601641022169811364.json,/opt/data/beegfs/Task023_LUNA25/raw_splitted/labelsTs/1_3_6_1_4_1_14519_5_2_1_7009_9004_671648650445601641022169811364.nii.gz,ok,1,0,1,,1,,1,0,True,True
test,1_3_6_1_4_1_14519_5_2_1_7009_9004_676174494491949517330767350323,/opt/data/beegfs/Task023_LUNA25/raw_splitted/labelsTs/1_3_6_1_4_1_14519_5_2_1_7009_9004_676174494491949517330767350323.json,/opt/data/beegfs/Task023_LUNA25/raw_splitted/labelsTs/1_3_6_1_4_1_14519_5_2_1_7009_9004_676174494491949517330767350323.nii.gz,ok,1,0,1,,1,,1,0,True,True
test,1_3_6_1_4_1_14519_5_2_1_7009_9004_676754769558561163655830587788,/opt/data/beegfs/Task023_LUNA25/raw_splitted/labelsTs/1_3_6_1_4_1_14519_5_2_1_7009_9004_676754769558561163655830587788.json,/opt/data/beegfs/Task023_LUNA25/raw_splitted/labelsTs/1_3_6_1_4_1_14519_5_2_1_7009_9004_676754769558561163655830587788.nii.gz,ok,2,0,1 2,,1 2,,2,0,True,True
test,1_3_6_1_4_1_14519_5_2_1_7009_9004_678129481438776797475558126987,/opt/data/beegfs/Task023_LUNA25/raw_splitted/labelsTs/1_3_6_1_4_1_14519_5_2_1_7009_9004_678129481438776797475558126987.json,/opt/data/beegfs/Task023_LUNA25/raw_splitted/labelsTs/1_3_6_1_4_1_14519_5_2_1_7009_9004_678129481438776797475558126987.nii.gz,ok,1,0,1,,1,,1,0,True,True
test,1_3_6_1_4_1_14519_5_2_1_7009_9004_688515112609555769790695219529,/opt/data/beegfs/Task023_LUNA25/raw_splitted/labelsTs/1_3_6_1_4_1_14519_5_2_1_7009_9004_688515112609555769790695219529.json,/opt/data/beegfs/Task023_LUNA25/raw_splitted/labelsTs/1_3_6_1_4_1_14519_5_2_1_7009_9004_688515112609555769790695219529.nii.gz,ok,8,0,1 2 3 4 5 6 7 8,,1 2 3 4 5 6 7 8,,8,0,True,True
test,1_3_6_1_4_1_14519_5_2_1_7009_9004_697086835465374174909211215730,/opt/data/beegfs/Task023_LUNA25/raw_splitted/labelsTs/1_3_6_1_4_1_14519_5_2_1_7009_9004_697086835465374174909211215730.json,/opt/data/beegfs/Task023_LUNA25/raw_splitted/labelsTs/1_3_6_1_4_1_14519_5_2_1_7009_9004_697086835465374174909211215730.nii.gz,ok,2,0,1 2,,1 2,,2,0,True,True
test,1_3_6_1_4_1_14519_5_2_1_7009_9004_700225092127563194640111579598,/opt/data/beegfs/Task023_LUNA25/raw_splitted/labelsTs/1_3_6_1_4_1_14519_5_2_1_7009_9004_700225092127563194640111579598.json,/opt/data/beegfs/Task023_LUNA25/raw_splitted/labelsTs/1_3_6_1_4_1_14519_5_2_1_7009_9004_700225092127563194640111579598.nii.gz,ok,1,0,1,,1,,1,0,True,True
test,1_3_6_1_4_1_14519_5_2_1_7009_9004_711744679678348315398443315653,/opt/data/beegfs/Task023_LUNA25/raw_splitted/labelsTs/1_3_6_1_4_1_14519_5_2_1_7009_9004_711744679678348315398443315653.json,/opt/data/beegfs/Task023_LUNA25/raw_splitted/labelsTs/1_3_6_1_4_1_14519_5_2_1_7009_9004_711744679678348315398443315653.nii.gz,ok,1,0,1,,1,,1,0,True,True
test,1_3_6_1_4_1_14519_5_2_1_7009_9004_716317416517774495243426985223,/opt/data/beegfs/Task023_LUNA25/raw_splitted/labelsTs/1_3_6_1_4_1_14519_5_2_1_7009_9004_716317416517774495243426985223.json,/opt/data/beegfs/Task023_LUNA25/raw_splitted/labelsTs/1_3_6_1_4_1_14519_5_2_1_7009_9004_716317416517774495243426985223.nii.gz,ok,1,0,1,,1,,1,0,True,True
test,1_3_6_1_4_1_14519_5_2_1_7009_9004_716408118786322556512711988506,/opt/data/beegfs/Task023_LUNA25/raw_splitted/labelsTs/1_3_6_1_4_1_14519_5_2_1_7009_9004_716408118786322556512711988506.json,/opt/data/beegfs/Task023_LUNA25/raw_splitted/labelsTs/1_3_6_1_4_1_14519_5_2_1_7009_9004_716408118786322556512711988506.nii.gz,ok,1,0,1,,1,,1,0,True,True
test,1_3_6_1_4_1_14519_5_2_1_7009_9004_720793108028085989504980442072,/opt/data/beegfs/Task023_LUNA25/raw_splitted/labelsTs/1_3_6_1_4_1_14519_5_2_1_7009_9004_720793108028085989504980442072.json,/opt/data/beegfs/Task023_LUNA25/raw_splitted/labelsTs/1_3_6_1_4_1_14519_5_2_1_7009_9004_720793108028085989504980442072.nii.gz,ok,1,0,1,,1,,1,0,True,True
test,1_3_6_1_4_1_14519_5_2_1_7009_9004_728247378567282458807967222214,/opt/data/beegfs/Task023_LUNA25/raw_splitted/labelsTs/1_3_6_1_4_1_14519_5_2_1_7009_9004_728247378567282458807967222214.json,/opt/data/beegfs/Task023_LUNA25/raw_splitted/labelsTs/1_3_6_1_4_1_14519_5_2_1_7009_9004_728247378567282458807967222214.nii.gz,ok,1,0,1,,1,,1,0,True,True
test,1_3_6_1_4_1_14519_5_2_1_7009_9004_730805974771579968930097457677,/opt/data/beegfs/Task023_LUNA25/raw_splitted/labelsTs/1_3_6_1_4_1_14519_5_2_1_7009_9004_730805974771579968930097457677.json,/opt/data/beegfs/Task023_LUNA25/raw_splitted/labelsTs/1_3_6_1_4_1_14519_5_2_1_7009_9004_730805974771579968930097457677.nii.gz,ok,1,0,1,,1,,1,0,True,True
test,1_3_6_1_4_1_14519_5_2_1_7009_9004_731212889693994209165902485960,/opt/data/beegfs/Task023_LUNA25/raw_splitted/labelsTs/1_3_6_1_4_1_14519_5_2_1_7009_9004_731212889693994209165902485960.json,/opt/data/beegfs/Task023_LUNA25/raw_splitted/labelsTs/1_3_6_1_4_1_14519_5_2_1_7009_9004_731212889693994209165902485960.nii.gz,ok,6,0,1 2 3 4 5 6,,1 2 3 4 5 6,,6,0,True,True
test,1_3_6_1_4_1_14519_5_2_1_7009_9004_734258980509199774955966709484,/opt/data/beegfs/Task023_LUNA25/raw_splitted/labelsTs/1_3_6_1_4_1_14519_5_2_1_7009_9004_734258980509199774955966709484.json,/opt/data/beegfs/Task023_LUNA25/raw_splitted/labelsTs/1_3_6_1_4_1_14519_5_2_1_7009_9004_734258980509199774955966709484.nii.gz,ok,1,0,1,,1,,1,0,True,True
test,1_3_6_1_4_1_14519_5_2_1_7009_9004_742352199814811217051880143990,/opt/data/beegfs/Task023_LUNA25/raw_splitted/labelsTs/1_3_6_1_4_1_14519_5_2_1_7009_9004_742352199814811217051880143990.json,/opt/data/beegfs/Task023_LUNA25/raw_splitted/labelsTs/1_3_6_1_4_1_14519_5_2_1_7009_9004_742352199814811217051880143990.nii.gz,ok,1,0,1,,1,,1,0,True,True
test,1_3_6_1_4_1_14519_5_2_1_7009_9004_751013033900316663083803471913,/opt/data/beegfs/Task023_LUNA25/raw_splitted/labelsTs/1_3_6_1_4_1_14519_5_2_1_7009_9004_751013033900316663083803471913.json,/opt/data/beegfs/Task023_LUNA25/raw_splitted/labelsTs/1_3_6_1_4_1_14519_5_2_1_7009_9004_751013033900316663083803471913.nii.gz,ok,1,0,1,,1,,1,0,True,True
test,1_3_6_1_4_1_14519_5_2_1_7009_9004_759066195657456794982738505971,/opt/data/beegfs/Task023_LUNA25/raw_splitted/labelsTs/1_3_6_1_4_1_14519_5_2_1_7009_9004_759066195657456794982738505971.json,/opt/data/beegfs/Task023_LUNA25/raw_splitted/labelsTs/1_3_6_1_4_1_14519_5_2_1_7009_9004_759066195657456794982738505971.nii.gz,ok,1,0,1,,1,,1,0,True,True
test,1_3_6_1_4_1_14519_5_2_1_7009_9004_768663668917459674989604847168,/opt/data/beegfs/Task023_LUNA25/raw_splitted/labelsTs/1_3_6_1_4_1_14519_5_2_1_7009_9004_768663668917459674989604847168.json,/opt/data/beegfs/Task023_LUNA25/raw_splitted/labelsTs/1_3_6_1_4_1_14519_5_2_1_7009_9004_768663668917459674989604847168.nii.gz,ok,2,0,1 2,,1 2,,2,0,True,True
test,1_3_6_1_4_1_14519_5_2_1_7009_9004_771706062948483309945956619435,/opt/data/beegfs/Task023_LUNA25/raw_splitted/labelsTs/1_3_6_1_4_1_14519_5_2_1_7009_9004_771706062948483309945956619435.json,/opt/data/beegfs/Task023_LUNA25/raw_splitted/labelsTs/1_3_6_1_4_1_14519_5_2_1_7009_9004_771706062948483309945956619435.nii.gz,ok,1,0,1,,1,,1,0,True,True
test,1_3_6_1_4_1_14519_5_2_1_7009_9004_785517485814092310381399550467,/opt/data/beegfs/Task023_LUNA25/raw_splitted/labelsTs/1_3_6_1_4_1_14519_5_2_1_7009_9004_785517485814092310381399550467.json,/opt/data/beegfs/Task023_LUNA25/raw_splitted/labelsTs/1_3_6_1_4_1_14519_5_2_1_7009_9004_785517485814092310381399550467.nii.gz,ok,1,0,1,,1,,1,0,True,True
test,1_3_6_1_4_1_14519_5_2_1_7009_9004_793650449328758114398810679944,/opt/data/beegfs/Task023_LUNA25/raw_splitted/labelsTs/1_3_6_1_4_1_14519_5_2_1_7009_9004_793650449328758114398810679944.json,/opt/data/beegfs/Task023_LUNA25/raw_splitted/labelsTs/1_3_6_1_4_1_14519_5_2_1_7009_9004_793650449328758114398810679944.nii.gz,ok,1,0,1,,1,,1,0,True,True
test,1_3_6_1_4_1_14519_5_2_1_7009_9004_796552648301224162316340948265,/opt/data/beegfs/Task023_LUNA25/raw_splitted/labelsTs/1_3_6_1_4_1_14519_5_2_1_7009_9004_796552648301224162316340948265.json,/opt/data/beegfs/Task023_LUNA25/raw_splitted/labelsTs/1_3_6_1_4_1_14519_5_2_1_7009_9004_796552648301224162316340948265.nii.gz,ok,1,0,1,,1,,1,0,True,True
test,1_3_6_1_4_1_14519_5_2_1_7009_9004_812902356381332845601161662773,/opt/data/beegfs/Task023_LUNA25/raw_splitted/labelsTs/1_3_6_1_4_1_14519_5_2_1_7009_9004_812902356381332845601161662773.json,/opt/data/beegfs/Task023_LUNA25/raw_splitted/labelsTs/1_3_6_1_4_1_14519_5_2_1_7009_9004_812902356381332845601161662773.nii.gz,ok,3,0,1 2 3,,1 2 3,,3,0,True,True
test,1_3_6_1_4_1_14519_5_2_1_7009_9004_821126619905759469865221670961,/opt/data/beegfs/Task023_LUNA25/raw_splitted/labelsTs/1_3_6_1_4_1_14519_5_2_1_7009_9004_821126619905759469865221670961.json,/opt/data/beegfs/Task023_LUNA25/raw_splitted/labelsTs/1_3_6_1_4_1_14519_5_2_1_7009_9004_821126619905759469865221670961.nii.gz,ok,1,0,1,,1,,1,0,True,True
test,1_3_6_1_4_1_14519_5_2_1_7009_9004_832185103996270590755045763265,/opt/data/beegfs/Task023_LUNA25/raw_splitted/labelsTs/1_3_6_1_4_1_14519_5_2_1_7009_9004_832185103996270590755045763265.json,/opt/data/beegfs/Task023_LUNA25/raw_splitted/labelsTs/1_3_6_1_4_1_14519_5_2_1_7009_9004_832185103996270590755045763265.nii.gz,ok,1,0,1,,1,,1,0,True,True
test,1_3_6_1_4_1_14519_5_2_1_7009_9004_837661899040374532087927404059,/opt/data/beegfs/Task023_LUNA25/raw_splitted/labelsTs/1_3_6_1_4_1_14519_5_2_1_7009_9004_837661899040374532087927404059.json,/opt/data/beegfs/Task023_LUNA25/raw_splitted/labelsTs/1_3_6_1_4_1_14519_5_2_1_7009_9004_837661899040374532087927404059.nii.gz,ok,1,0,1,,1,,1,0,True,True
test,1_3_6_1_4_1_14519_5_2_1_7009_9004_885129648616491138371246934998,/opt/data/beegfs/Task023_LUNA25/raw_splitted/labelsTs/1_3_6_1_4_1_14519_5_2_1_7009_9004_885129648616491138371246934998.json,/opt/data/beegfs/Task023_LUNA25/raw_splitted/labelsTs/1_3_6_1_4_1_14519_5_2_1_7009_9004_885129648616491138371246934998.nii.gz,ok,3,0,1 2 3,,1 2 3,,3,0,True,True
test,1_3_6_1_4_1_14519_5_2_1_7009_9004_887349186052185765133236334357,/opt/data/beegfs/Task023_LUNA25/raw_splitted/labelsTs/1_3_6_1_4_1_14519_5_2_1_7009_9004_887349186052185765133236334357.json,/opt/data/beegfs/Task023_LUNA25/raw_splitted/labelsTs/1_3_6_1_4_1_14519_5_2_1_7009_9004_887349186052185765133236334357.nii.gz,ok,1,0,1,,1,,1,0,True,True
test,1_3_6_1_4_1_14519_5_2_1_7009_9004_901538336941818876468372189431,/opt/data/beegfs/Task023_LUNA25/raw_splitted/labelsTs/1_3_6_1_4_1_14519_5_2_1_7009_9004_901538336941818876468372189431.json,/opt/data/beegfs/Task023_LUNA25/raw_splitted/labelsTs/1_3_6_1_4_1_14519_5_2_1_7009_9004_901538336941818876468372189431.nii.gz,ok,1,0,1,,1,,1,0,True,True
test,1_3_6_1_4_1_14519_5_2_1_7009_9004_903255672067278170725007257023,/opt/data/beegfs/Task023_LUNA25/raw_splitted/labelsTs/1_3_6_1_4_1_14519_5_2_1_7009_9004_903255672067278170725007257023.json,/opt/data/beegfs/Task023_LUNA25/raw_splitted/labelsTs/1_3_6_1_4_1_14519_5_2_1_7009_9004_903255672067278170725007257023.nii.gz,ok,1,0,1,,1,,1,0,True,True
test,1_3_6_1_4_1_14519_5_2_1_7009_9004_907729199629675726271874755131,/opt/data/beegfs/Task023_LUNA25/raw_splitted/labelsTs/1_3_6_1_4_1_14519_5_2_1_7009_9004_907729199629675726271874755131.json,/opt/data/beegfs/Task023_LUNA25/raw_splitted/labelsTs/1_3_6_1_4_1_14519_5_2_1_7009_9004_907729199629675726271874755131.nii.gz,ok,1,0,1,,1,,1,0,True,True
test,1_3_6_1_4_1_14519_5_2_1_7009_9004_952974329605737458771549688518,/opt/data/beegfs/Task023_LUNA25/raw_splitted/labelsTs/1_3_6_1_4_1_14519_5_2_1_7009_9004_952974329605737458771549688518.json,/opt/data/beegfs/Task023_LUNA25/raw_splitted/labelsTs/1_3_6_1_4_1_14519_5_2_1_7009_9004_952974329605737458771549688518.nii.gz,ok,1,0,1,,1,,1,0,True,True
test,1_3_6_1_4_1_14519_5_2_1_7009_9004_961238378381427187630645093058,/opt/data/beegfs/Task023_LUNA25/raw_splitted/labelsTs/1_3_6_1_4_1_14519_5_2_1_7009_9004_961238378381427187630645093058.json,/opt/data/beegfs/Task023_LUNA25/raw_splitted/labelsTs/1_3_6_1_4_1_14519_5_2_1_7009_9004_961238378381427187630645093058.nii.gz,ok,1,0,1,,1,,1,0,True,True
test,1_3_6_1_4_1_14519_5_2_1_7009_9004_964466133136274992139502746077,/opt/data/beegfs/Task023_LUNA25/raw_splitted/labelsTs/1_3_6_1_4_1_14519_5_2_1_7009_9004_964466133136274992139502746077.json,/opt/data/beegfs/Task023_LUNA25/raw_splitted/labelsTs/1_3_6_1_4_1_14519_5_2_1_7009_9004_964466133136274992139502746077.nii.gz,ok,1,0,1,,1,,1,0,True,True
test,1_3_6_1_4_1_14519_5_2_1_7009_9004_967993082343682660791395105071,/opt/data/beegfs/Task023_LUNA25/raw_splitted/labelsTs/1_3_6_1_4_1_14519_5_2_1_7009_9004_967993082343682660791395105071.json,/opt/data/beegfs/Task023_LUNA25/raw_splitted/labelsTs/1_3_6_1_4_1_14519_5_2_1_7009_9004_967993082343682660791395105071.nii.gz,ok,1,0,1,,1,,1,0,True,True
test,1_3_6_1_4_1_14519_5_2_1_7009_9004_975393856977899800540384470954,/opt/data/beegfs/Task023_LUNA25/raw_splitted/labelsTs/1_3_6_1_4_1_14519_5_2_1_7009_9004_975393856977899800540384470954.json,/opt/data/beegfs/Task023_LUNA25/raw_splitted/labelsTs/1_3_6_1_4_1_14519_5_2_1_7009_9004_975393856977899800540384470954.nii.gz,ok,2,0,1 2,,1 2,,2,0,True,True
